DEBUG Found system configuration in: `/etc/uv/uv.toml`
DEBUG Searching for user configuration in: `/home/lcpu/88934705/.config/uv/uv.toml`
DEBUG uv 0.12.1 (x86_64-unknown-linux-gnu)
DEBUG Marking explicit source tree for reinstall: `/home/lcpu/88934705/lish/FlashKDA-uniform-h96`
DEBUG Searching for default Python interpreter in virtual environments
DEBUG Found `cpython-3.12.13-linux-x86_64-gnu` at `/home/lcpu/88934705/lish/FlashKDA/.venv-full/bin/python3` (active virtual environment)
Using Python 3.12.13 environment at: /home/lcpu/88934705/lish/FlashKDA/.venv-full
DEBUG Using request connect timeout of 10s and read timeout of 30s
DEBUG No `pyproject.toml` available for: file:///home/lcpu/88934705/lish/FlashKDA-uniform-h96
DEBUG Computed cache info: Timestamp(SystemTime { tv_sec: 1786930669, tv_nsec: 770037747 }), None, None, {}, {"src": None}. Most recently modified: setup.py
DEBUG Preparing metadata for: file:///home/lcpu/88934705/lish/FlashKDA-uniform-h96
DEBUG Assessing Python executable as base candidate: /home/lcpu/88934705/.local/share/uv/python/cpython-3.12-linux-x86_64-gnu/bin/python3.12
DEBUG Proceeding without build isolation
DEBUG Locking the source tree for setuptools
DEBUG Calling `setuptools.build_meta:__legacy__.prepare_metadata_for_build_wheel()`
DEBUG running dist_info
DEBUG creating /home/lcpu/.uv-cache/builds-v0/.tmp4ErOTl/metadata_directory/flash_kda.egg-info
DEBUG writing /home/lcpu/.uv-cache/builds-v0/.tmp4ErOTl/metadata_directory/flash_kda.egg-info/PKG-INFO
DEBUG writing dependency_links to /home/lcpu/.uv-cache/builds-v0/.tmp4ErOTl/metadata_directory/flash_kda.egg-info/dependency_links.txt
DEBUG writing top-level names to /home/lcpu/.uv-cache/builds-v0/.tmp4ErOTl/metadata_directory/flash_kda.egg-info/top_level.txt
DEBUG writing manifest file '/home/lcpu/.uv-cache/builds-v0/.tmp4ErOTl/metadata_directory/flash_kda.egg-info/SOURCES.txt'
DEBUG reading manifest file '/home/lcpu/.uv-cache/builds-v0/.tmp4ErOTl/metadata_directory/flash_kda.egg-info/SOURCES.txt'
DEBUG adding license file 'LICENSE'
DEBUG writing manifest file '/home/lcpu/.uv-cache/builds-v0/.tmp4ErOTl/metadata_directory/flash_kda.egg-info/SOURCES.txt'
DEBUG creating '/home/lcpu/.uv-cache/builds-v0/.tmp4ErOTl/metadata_directory/flash_kda-0.0.1+556850c.dist-info'
DEBUG Prepared metadata for: file:///home/lcpu/88934705/lish/FlashKDA-uniform-h96
DEBUG Solving with installed Python version: 3.12.13
DEBUG Solving with target Python version: >=3.12.13
DEBUG Adding direct dependency: flash-kda*
DEBUG Searching for a compatible version of flash-kda @ file:///home/lcpu/88934705/lish/FlashKDA-uniform-h96 (*)
DEBUG Tried 1 versions: flash-kda 1
DEBUG marker environment resolution took 0.000s
Resolved 1 package in 1.94s
DEBUG Must revalidate requirement: flash-kda
DEBUG Unnecessary package: annotated-doc==0.0.5
DEBUG Unnecessary package: anyio==4.14.2
DEBUG Unnecessary package: certifi==2026.7.22
DEBUG Unnecessary package: click==8.4.2
DEBUG Unnecessary package: contourpy==1.3.3
DEBUG Unnecessary package: cuda-bindings==13.0.3
DEBUG Unnecessary package: cuda-pathfinder==1.2.2
DEBUG Unnecessary package: cuda-toolkit==13.0.2
DEBUG Unnecessary package: cycler==0.12.1
DEBUG Unnecessary package: einops==0.8.2
DEBUG Unnecessary package: execnet==2.1.2
DEBUG Unnecessary package: filelock==3.29.0
DEBUG Unnecessary package: fla-core==0.5.2
DEBUG Unnecessary package: flash-linear-attention==0.5.2
DEBUG Unnecessary package: fonttools==4.63.0
DEBUG Unnecessary package: fsspec==2026.4.0
DEBUG Unnecessary package: h11==0.16.0
DEBUG Unnecessary package: hf-xet==1.6.0
DEBUG Unnecessary package: httpcore==1.0.9
DEBUG Unnecessary package: httpx==0.28.1
DEBUG Unnecessary package: huggingface-hub==1.27.0
DEBUG Unnecessary package: idna==3.18
DEBUG Unnecessary package: iniconfig==2.3.0
DEBUG Unnecessary package: jinja2==3.1.6
DEBUG Unnecessary package: kiwisolver==1.5.0
DEBUG Unnecessary package: markdown-it-py==4.2.0
DEBUG Unnecessary package: markupsafe==3.0.3
DEBUG Unnecessary package: matplotlib==3.11.1
DEBUG Unnecessary package: mdurl==0.1.2
DEBUG Unnecessary package: mpmath==1.3.0
DEBUG Unnecessary package: networkx==3.6.1
DEBUG Unnecessary package: ninja==1.13.0
DEBUG Unnecessary package: numpy==2.5.2
DEBUG Unnecessary package: nvidia-cublas==13.1.1.3
DEBUG Unnecessary package: nvidia-cuda-cupti==13.0.85
DEBUG Unnecessary package: nvidia-cuda-nvrtc==13.0.88
DEBUG Unnecessary package: nvidia-cuda-runtime==13.0.96
DEBUG Unnecessary package: nvidia-cudnn-cu13==9.20.0.48
DEBUG Unnecessary package: nvidia-cufft==12.0.0.61
DEBUG Unnecessary package: nvidia-cufile==1.15.1.6
DEBUG Unnecessary package: nvidia-curand==10.4.0.35
DEBUG Unnecessary package: nvidia-cusolver==12.0.4.66
DEBUG Unnecessary package: nvidia-cusparse==12.6.3.3
DEBUG Unnecessary package: nvidia-cusparselt-cu13==0.8.1
DEBUG Unnecessary package: nvidia-nccl-cu13==2.29.7
DEBUG Unnecessary package: nvidia-nvjitlink==13.0.88
DEBUG Unnecessary package: nvidia-nvshmem-cu13==3.4.5
DEBUG Unnecessary package: nvidia-nvtx==13.0.85
DEBUG Unnecessary package: packaging==26.3
DEBUG Unnecessary package: pillow==12.3.0
DEBUG Unnecessary package: pluggy==1.6.0
DEBUG Unnecessary package: pygments==2.20.0
DEBUG Unnecessary package: pyparsing==3.3.2
DEBUG Unnecessary package: pytest==9.1.1
DEBUG Unnecessary package: pytest-xdist==3.8.0
DEBUG Unnecessary package: python-dateutil==2.9.0.post0
DEBUG Unnecessary package: pyyaml==6.0.3
DEBUG Unnecessary package: regex==2026.7.19
DEBUG Unnecessary package: rich==15.0.0
DEBUG Unnecessary package: safetensors==0.8.0
DEBUG Unnecessary package: setuptools==78.1.0
DEBUG Unnecessary package: shellingham==1.5.4
DEBUG Unnecessary package: six==1.17.0
DEBUG Unnecessary package: sympy==1.14.0
DEBUG Unnecessary package: tokenizers==0.22.2
DEBUG Unnecessary package: torch==2.12.1+cu130
DEBUG Unnecessary package: tqdm==4.70.0
DEBUG Unnecessary package: transformers==5.14.1
DEBUG Unnecessary package: triton==3.7.1
DEBUG Unnecessary package: typer==0.27.1
DEBUG Unnecessary package: typing-extensions==4.15.0
DEBUG Unnecessary package: wheel==0.47.0
DEBUG Computed cache info: Timestamp(SystemTime { tv_sec: 1786930669, tv_nsec: 770037747 }), None, None, {}, {"src": None}. Most recently modified: setup.py
   Building flash-kda @ file:///home/lcpu/88934705/lish/FlashKDA-uniform-h96
DEBUG Building: flash-kda @ file:///home/lcpu/88934705/lish/FlashKDA-uniform-h96
DEBUG Assessing Python executable as base candidate: /home/lcpu/88934705/.local/share/uv/python/cpython-3.12-linux-x86_64-gnu/bin/python3.12
DEBUG Reusing existing build environment for: flash-kda @ file:///home/lcpu/88934705/lish/FlashKDA-uniform-h96
DEBUG Locking the source tree for setuptools
DEBUG Calling `setuptools.build_meta:__legacy__.build_wheel(__import__("os").fsdecode(b"/home/lcpu/.uv-cache/builds-v0/.tmp2howPi"), {}, __import__("os").fsdecode(b"/home/lcpu/.uv-cache/builds-v0/.tmp4ErOTl/metadata_directory/flash_kda-0.0.1+556850c.dist-info"))`
DEBUG running bdist_wheel
DEBUG running build
DEBUG running build_py
DEBUG creating build/lib.linux-x86_64-cpython-312/flash_kda
DEBUG copying flash_kda/__init__.py -> build/lib.linux-x86_64-cpython-312/flash_kda
DEBUG copying flash_kda/cp.py -> build/lib.linux-x86_64-cpython-312/flash_kda
DEBUG running build_ext
DEBUG building 'flash_kda_C' extension
DEBUG creating /home/lcpu/88934705/lish/FlashKDA-uniform-h96/build/temp.linux-x86_64-cpython-312/csrc
DEBUG creating /home/lcpu/88934705/lish/FlashKDA-uniform-h96/build/temp.linux-x86_64-cpython-312/csrc/smxx
DEBUG [1/3] c++ -MMD -MF /home/lcpu/88934705/lish/FlashKDA-uniform-h96/build/temp.linux-x86_64-cpython-312/csrc/flash_kda.o.d -pthread -fno-strict-overflow -Wsign-compare -Wunreachable-code -DNDEBUG -g -O3 -Wall -O3 -fstack-protector -fstack-clash-protection -U_FORTIFY_SOURCE -D_FORTIFY_SOURCE=2 -fno-omit-frame-pointer -mno-omit-leaf-frame-pointer -fPIC -fPIC -I/home/lcpu/88934705/lish/FlashKDA-uniform-h96/cutlass/include -I/home/lcpu/88934705/lish/FlashKDA-uniform-h96/cutlass/examples/common -I/home/lcpu/88934705/lish/FlashKDA-uniform-h96/cutlass/tools/util/include -I/home/lcpu/88934705/lish/FlashKDA-uniform-h96/csrc -I/home/lcpu/88934705/lish/FlashKDA/.venv-full/lib/python3.12/site-packages/torch/include -I/home/lcpu/88934705/lish/FlashKDA/.venv-full/lib/python3.12/site-packages/torch/include/torch/csrc/api/include -I/usr/local/cuda/include -I/home/lcpu/88934705/lish/FlashKDA/.venv-full/include -I/home/lcpu/88934705/.local/share/uv/python/cpython-3.12.13-linux-x86_64-gnu/include/python3.12 -c -c /home/lcpu/88934705/lish/FlashKDA-uniform-h96/csrc/flash_kda.cpp -o /home/lcpu/88934705/lish/FlashKDA-uniform-h96/build/temp.linux-x86_64-cpython-312/csrc/flash_kda.o -O3 -Wno-psabi -DTORCH_API_INCLUDE_EXTENSION_H -DTORCH_EXTENSION_NAME=flash_kda_C -std=c++20
DEBUG In file included from /home/lcpu/88934705/lish/FlashKDA-uniform-h96/cutlass/include/cutlass/bfloat16.h:50,
DEBUG                  from /home/lcpu/88934705/lish/FlashKDA-uniform-h96/csrc/fwd.h:4,
DEBUG                  from /home/lcpu/88934705/lish/FlashKDA-uniform-h96/csrc/flash_kda.cpp:4:
DEBUG /home/lcpu/88934705/lish/FlashKDA-uniform-h96/cutlass/include/cutlass/platform/platform.h:658:21: warning: ‘long4’ is deprecated: use long4_16a or long4_32a [-Wdeprecated-declarations]
DEBUG   658 | struct alignment_of<long4> {
DEBUG       |                     ^~~~~
DEBUG In file included from /usr/local/cuda/include/driver_types.h:61,
DEBUG                  from /usr/local/cuda/include/builtin_types.h:59,
DEBUG                  from /usr/local/cuda/include/cuda_runtime_api.h:150,
DEBUG                  from /home/lcpu/88934705/lish/FlashKDA/.venv-full/lib/python3.12/site-packages/torch/include/c10/cuda/CUDAStream.h:4,
DEBUG                  from /home/lcpu/88934705/lish/FlashKDA-uniform-h96/csrc/flash_kda.cpp:2:
DEBUG /usr/local/cuda/include/vector_types.h:532:98: note: declared here
DEBUG   532 | typedef __device_builtin__ struct long4 __VECTOR_TYPE_DEPRECATED__("use long4_16a or long4_32a") long4;
DEBUG       |                                                                                                  ^~~~~
DEBUG /home/lcpu/88934705/lish/FlashKDA-uniform-h96/cutlass/include/cutlass/platform/platform.h:662:21: warning: ‘ulong4’ is deprecated: use ulong4_16a or ulong4_32a [-Wdeprecated-declarations]
DEBUG   662 | struct alignment_of<ulong4> {
DEBUG       |                     ^~~~~~
DEBUG /usr/local/cuda/include/vector_types.h:533:101: note: declared here
DEBUG   533 | typedef __device_builtin__ struct ulong4 __VECTOR_TYPE_DEPRECATED__("use ulong4_16a or ulong4_32a") ulong4;
DEBUG       |                                                                                                     ^~~~~~
DEBUG /home/lcpu/88934705/lish/FlashKDA-uniform-h96/cutlass/include/cutlass/platform/platform.h:666:21: warning: ‘longlong4’ is deprecated: use longlong4_16a or longlong4_32a [-Wdeprecated-declarations]
DEBUG   666 | struct alignment_of<longlong4> {
DEBUG       |                     ^~~~~~~~~
DEBUG /usr/local/cuda/include/vector_types.h:550:110: note: declared here
DEBUG   550 | typedef __device_builtin__ struct longlong4 __VECTOR_TYPE_DEPRECATED__("use longlong4_16a or longlong4_32a") longlong4;
DEBUG       |                                                                                                              ^~~~~~~~~
DEBUG /home/lcpu/88934705/lish/FlashKDA-uniform-h96/cutlass/include/cutlass/platform/platform.h:670:21: warning: ‘ulonglong4’ is deprecated: use ulonglong4_16a or ulonglong4_32a [-Wdeprecated-declarations]
DEBUG   670 | struct alignment_of<ulonglong4> {
DEBUG       |                     ^~~~~~~~~~
DEBUG /usr/local/cuda/include/vector_types.h:551:113: note: declared here
DEBUG   551 | typedef __device_builtin__ struct ulonglong4 __VECTOR_TYPE_DEPRECATED__("use ulonglong4_16a or ulonglong4_32a") ulonglong4;
DEBUG       |                                                                                                                 ^~~~~~~~~~
DEBUG /home/lcpu/88934705/lish/FlashKDA-uniform-h96/cutlass/include/cutlass/platform/platform.h:674:21: warning: ‘double4’ is deprecated: use double4_16a or double4_32a [-Wdeprecated-declarations]
DEBUG   674 | struct alignment_of<double4> {
DEBUG       |                     ^~~~~~~
DEBUG /usr/local/cuda/include/vector_types.h:561:104: note: declared here
DEBUG   561 | typedef __device_builtin__ struct double4 __VECTOR_TYPE_DEPRECATED__("use double4_16a or double4_32a") double4;
DEBUG       |                                                                                                        ^~~~~~~
DEBUG [2/3] /usr/local/cuda/bin/nvcc -MD -MF /home/lcpu/88934705/lish/FlashKDA-uniform-h96/build/temp.linux-x86_64-cpython-312/csrc/warmup_chunks.o.d -I/home/lcpu/88934705/lish/FlashKDA-uniform-h96/cutlass/include -I/home/lcpu/88934705/lish/FlashKDA-uniform-h96/cutlass/examples/common -I/home/lcpu/88934705/lish/FlashKDA-uniform-h96/cutlass/tools/util/include -I/home/lcpu/88934705/lish/FlashKDA-uniform-h96/csrc -I/home/lcpu/88934705/lish/FlashKDA/.venv-full/lib/python3.12/site-packages/torch/include -I/home/lcpu/88934705/lish/FlashKDA/.venv-full/lib/python3.12/site-packages/torch/include/torch/csrc/api/include -I/usr/local/cuda/include -I/home/lcpu/88934705/lish/FlashKDA/.venv-full/include -I/home/lcpu/88934705/.local/share/uv/python/cpython-3.12.13-linux-x86_64-gnu/include/python3.12 -c -c /home/lcpu/88934705/lish/FlashKDA-uniform-h96/csrc/warmup_chunks.cu -o /home/lcpu/88934705/lish/FlashKDA-uniform-h96/build/temp.linux-x86_64-cpython-312/csrc/warmup_chunks.o -D__CUDA_NO_HALF_OPERATORS__ -D__CUDA_NO_HALF_CONVERSIONS__ -D__CUDA_NO_BFLOAT16_CONVERSIONS__ -D__CUDA_NO_HALF2_OPERATORS__ --expt-relaxed-constexpr --compiler-options ''"'"'-fPIC'"'"'' -O3 -U__CUDA_NO_HALF_OPERATORS__ -U__CUDA_NO_HALF_CONVERSIONS__ -U__CUDA_NO_HALF2_OPERATORS__ -U__CUDA_NO_BFLOAT16_CONVERSIONS__ --expt-relaxed-constexpr --expt-extended-lambda --use_fast_math --ptxas-options=-v,--register-usage-level=10,--warn-on-spills -lineinfo --threads 32 -gencode arch=compute_103a,code=sm_103a -DTORCH_API_INCLUDE_EXTENSION_H -DTORCH_EXTENSION_NAME=flash_kda_C -std=c++20
DEBUG /home/lcpu/88934705/lish/FlashKDA/.venv-full/lib/python3.12/site-packages/torch/include/torch/csrc/api/include/torch/nn/modules/container/any_module_holder.h(93): warning #3189-D: "module" is parsed as an identifier rather than a keyword because the tokens that follow it do not match those of a preprocessor directive
DEBUG             module->_forward_populate_default_args(std::move(arguments)));
DEBUG             ^
DEBUG 
DEBUG Remark: The warnings can be suppressed with "-diag-suppress <warning-number>"
DEBUG 
DEBUG /home/lcpu/88934705/lish/FlashKDA/.venv-full/lib/python3.12/site-packages/torch/include/torch/csrc/api/include/torch/python.h(93): warning #3189-D: "module" is parsed as an identifier rather than a keyword because the tokens that follow it do not match those of a preprocessor directive
DEBUG     module.attr(name) = wrapper_class;
DEBUG     ^
DEBUG 
DEBUG /home/lcpu/88934705/lish/FlashKDA/.venv-full/lib/python3.12/site-packages/torch/include/torch/csrc/api/include/torch/python.h(155): warning #3189-D: "module" is parsed as an identifier rather than a keyword because the tokens that follow it do not match those of a preprocessor directive
DEBUG                 module.to(
DEBUG                 ^
DEBUG 
DEBUG /home/lcpu/88934705/lish/FlashKDA/.venv-full/lib/python3.12/site-packages/torch/include/torch/csrc/api/include/torch/python.h(159): warning #3189-D: "module" is parsed as an identifier rather than a keyword because the tokens that follow it do not match those of a preprocessor directive
DEBUG                 module.to(detail::py_object_to_dtype(object), non_blocking);
DEBUG                 ^
DEBUG 
DEBUG /home/lcpu/88934705/lish/FlashKDA/.venv-full/lib/python3.12/site-packages/torch/include/torch/csrc/api/include/torch/python.h(170): warning #3189-D: "module" is parsed as an identifier rather than a keyword because the tokens that follow it do not match those of a preprocessor directive
DEBUG                   module.to(detail::py_object_to_dtype(dtype), non_blocking);
DEBUG                   ^
DEBUG 
DEBUG /home/lcpu/88934705/lish/FlashKDA/.venv-full/lib/python3.12/site-packages/torch/include/torch/csrc/api/include/torch/python.h(172): warning #3189-D: "module" is parsed as an identifier rather than a keyword because the tokens that follow it do not match those of a preprocessor directive
DEBUG                   module.to(detail::py_object_to_device(device), non_blocking);
DEBUG                   ^
DEBUG 
DEBUG /home/lcpu/88934705/lish/FlashKDA/.venv-full/lib/python3.12/site-packages/torch/include/torch/csrc/api/include/torch/python.h(174): warning #3189-D: "module" is parsed as an identifier rather than a keyword because the tokens that follow it do not match those of a preprocessor directive
DEBUG                   module.to(
DEBUG                   ^
DEBUG 
DEBUG /home/lcpu/88934705/lish/FlashKDA/.venv-full/lib/python3.12/site-packages/torch/include/torch/csrc/api/include/torch/nn/modules/container/any_module_holder.h(93): warning #3189-D: "module" is parsed as an identifier rather than a keyword because the tokens that follow it do not match those of a preprocessor directive
DEBUG             module->_forward_populate_default_args(std::move(arguments)));
DEBUG             ^
DEBUG 
DEBUG Remark: The warnings can be suppressed with "-diag-suppress <warning-number>"
DEBUG 
DEBUG /home/lcpu/88934705/lish/FlashKDA/.venv-full/lib/python3.12/site-packages/torch/include/torch/csrc/api/include/torch/python.h(93): warning #3189-D: "module" is parsed as an identifier rather than a keyword because the tokens that follow it do not match those of a preprocessor directive
DEBUG     module.attr(name) = wrapper_class;
DEBUG     ^
DEBUG 
DEBUG /home/lcpu/88934705/lish/FlashKDA/.venv-full/lib/python3.12/site-packages/torch/include/torch/csrc/api/include/torch/python.h(155): warning #3189-D: "module" is parsed as an identifier rather than a keyword because the tokens that follow it do not match those of a preprocessor directive
DEBUG                 module.to(
DEBUG                 ^
DEBUG 
DEBUG /home/lcpu/88934705/lish/FlashKDA/.venv-full/lib/python3.12/site-packages/torch/include/torch/csrc/api/include/torch/python.h(159): warning #3189-D: "module" is parsed as an identifier rather than a keyword because the tokens that follow it do not match those of a preprocessor directive
DEBUG                 module.to(detail::py_object_to_dtype(object), non_blocking);
DEBUG                 ^
DEBUG 
DEBUG /home/lcpu/88934705/lish/FlashKDA/.venv-full/lib/python3.12/site-packages/torch/include/torch/csrc/api/include/torch/python.h(170): warning #3189-D: "module" is parsed as an identifier rather than a keyword because the tokens that follow it do not match those of a preprocessor directive
DEBUG                   module.to(detail::py_object_to_dtype(dtype), non_blocking);
DEBUG                   ^
DEBUG 
DEBUG /home/lcpu/88934705/lish/FlashKDA/.venv-full/lib/python3.12/site-packages/torch/include/torch/csrc/api/include/torch/python.h(172): warning #3189-D: "module" is parsed as an identifier rather than a keyword because the tokens that follow it do not match those of a preprocessor directive
DEBUG                   module.to(detail::py_object_to_device(device), non_blocking);
DEBUG                   ^
DEBUG 
DEBUG /home/lcpu/88934705/lish/FlashKDA/.venv-full/lib/python3.12/site-packages/torch/include/torch/csrc/api/include/torch/python.h(174): warning #3189-D: "module" is parsed as an identifier rather than a keyword because the tokens that follow it do not match those of a preprocessor directive
DEBUG                   module.to(
DEBUG                   ^
DEBUG 
DEBUG ptxas info    : 28 bytes gmem
DEBUG ptxas info    : Compiling entry function '_Z24get_warmup_chunks_kernelPK13__nv_bfloat16PKfS3_fifPKliiPiPb' for 'sm_103a'
DEBUG ptxas info    : Function properties for _Z24get_warmup_chunks_kernelPK13__nv_bfloat16PKfS3_fifPKliiPiPb
DEBUG     0 bytes stack frame, 0 bytes spill stores, 0 bytes spill loads
DEBUG ptxas info    : Used 32 registers, used 1 barriers
DEBUG ptxas info    : Compile time = 14.437 ms
DEBUG [3/3] /usr/local/cuda/bin/nvcc -MD -MF /home/lcpu/88934705/lish/FlashKDA-uniform-h96/build/temp.linux-x86_64-cpython-312/csrc/smxx/fwd_launch.o.d -I/home/lcpu/88934705/lish/FlashKDA-uniform-h96/cutlass/include -I/home/lcpu/88934705/lish/FlashKDA-uniform-h96/cutlass/examples/common -I/home/lcpu/88934705/lish/FlashKDA-uniform-h96/cutlass/tools/util/include -I/home/lcpu/88934705/lish/FlashKDA-uniform-h96/csrc -I/home/lcpu/88934705/lish/FlashKDA/.venv-full/lib/python3.12/site-packages/torch/include -I/home/lcpu/88934705/lish/FlashKDA/.venv-full/lib/python3.12/site-packages/torch/include/torch/csrc/api/include -I/usr/local/cuda/include -I/home/lcpu/88934705/lish/FlashKDA/.venv-full/include -I/home/lcpu/88934705/.local/share/uv/python/cpython-3.12.13-linux-x86_64-gnu/include/python3.12 -c -c /home/lcpu/88934705/lish/FlashKDA-uniform-h96/csrc/smxx/fwd_launch.cu -o /home/lcpu/88934705/lish/FlashKDA-uniform-h96/build/temp.linux-x86_64-cpython-312/csrc/smxx/fwd_launch.o -D__CUDA_NO_HALF_OPERATORS__ -D__CUDA_NO_HALF_CONVERSIONS__ -D__CUDA_NO_BFLOAT16_CONVERSIONS__ -D__CUDA_NO_HALF2_OPERATORS__ --expt-relaxed-constexpr --compiler-options ''"'"'-fPIC'"'"'' -O3 -U__CUDA_NO_HALF_OPERATORS__ -U__CUDA_NO_HALF_CONVERSIONS__ -U__CUDA_NO_HALF2_OPERATORS__ -U__CUDA_NO_BFLOAT16_CONVERSIONS__ --expt-relaxed-constexpr --expt-extended-lambda --use_fast_math --ptxas-options=-v,--register-usage-level=10,--warn-on-spills -lineinfo --threads 32 -gencode arch=compute_103a,code=sm_103a -DTORCH_API_INCLUDE_EXTENSION_H -DTORCH_EXTENSION_NAME=flash_kda_C -std=c++20
DEBUG /home/lcpu/88934705/lish/FlashKDA-uniform-h96/csrc/smxx/tcgen05_sm103_probe.cuh(796): warning #177-D: variable "lane" was declared but never referenced
DEBUG       int const lane = tid & 31;
DEBUG                 ^
DEBUG 
DEBUG Remark: The warnings can be suppressed with "-diag-suppress <warning-number>"
DEBUG 
DEBUG /home/lcpu/88934705/lish/FlashKDA-uniform-h96/csrc/smxx/tmem_k2_sm103.cuh(773): warning #177-D: variable "kQVectors" was declared but never referenced
DEBUG       constexpr int kQVectors =
DEBUG                     ^
DEBUG           detected during instantiation of "void launch_fwd<D,HasStateIn,HasStateOut,StateFP32,IsVarlen>(const cutlass::bfloat16_t *, const cutlass::bfloat16_t *, const cutlass::bfloat16_t *, const cutlass::bfloat16_t *, const cutlass::bfloat16_t *, const void *, const void *, float, void *, cutlass::bfloat16_t *, void *, int, int, int, int, const int64_t *, const float *, const float *, float, cudaStream_t) [with D=128, HasStateIn=true, HasStateOut=true, StateFP32=false, IsVarlen=true]" at line 1707 of /home/lcpu/88934705/lish/FlashKDA-uniform-h96/csrc/smxx/fwd_launch.cu
DEBUG 
DEBUG ptxas info    : 101 bytes gmem
DEBUG ptxas info    : Compiling entry function '_ZN20flash_kda_sm103_tmem29_flash_kda_tmem_k2_q_pipelineILb0EEEvPKvS2_PN7cutlass10bfloat16_tEii' for 'sm_103a'
DEBUG ptxas info    : Function properties for _ZN20flash_kda_sm103_tmem29_flash_kda_tmem_k2_q_pipelineILb0EEEvPKvS2_PN7cutlass10bfloat16_tEii
DEBUG     0 bytes stack frame, 0 bytes spill stores, 0 bytes spill loads
DEBUG ptxas info    : Used 44 registers, used 1 barriers, 9216 bytes smem
DEBUG ptxas info    : Compile time = 15.418 ms
DEBUG ptxas info    : Compiling entry function '_ZN20flash_kda_sm103_tmem35_flash_kda_tmem_k2_64chunk_skeletonILb0ELb0EEEvPKvS2_PN7cutlass10bfloat16_tEii' for 'sm_103a'
DEBUG ptxas info    : Function properties for _ZN20flash_kda_sm103_tmem35_flash_kda_tmem_k2_64chunk_skeletonILb0ELb0EEEvPKvS2_PN7cutlass10bfloat16_tEii
DEBUG     0 bytes stack frame, 0 bytes spill stores, 0 bytes spill loads
DEBUG ptxas info    : Used 46 registers, used 1 barriers, 5120 bytes smem
DEBUG ptxas info    : Compile time = 11.976 ms
DEBUG ptxas info    : Compiling entry function '_ZN20flash_kda_sm103_tmem35_flash_kda_tmem_k2_64chunk_skeletonILb0ELb1EEEvPKvS2_PN7cutlass10bfloat16_tEii' for 'sm_103a'
DEBUG ptxas info    : Function properties for _ZN20flash_kda_sm103_tmem35_flash_kda_tmem_k2_64chunk_skeletonILb0ELb1EEEvPKvS2_PN7cutlass10bfloat16_tEii
DEBUG     0 bytes stack frame, 0 bytes spill stores, 0 bytes spill loads
DEBUG ptxas info    : Used 46 registers, used 1 barriers, 5120 bytes smem
DEBUG ptxas info    : Compile time = 11.477 ms
DEBUG ptxas info    : Compiling entry function '_ZN20flash_kda_sm103_tmem35_flash_kda_tmem_k2_64chunk_skeletonILb1ELb1EEEvPKvS2_PN7cutlass10bfloat16_tEii' for 'sm_103a'
DEBUG ptxas info    : Function properties for _ZN20flash_kda_sm103_tmem35_flash_kda_tmem_k2_64chunk_skeletonILb1ELb1EEEvPKvS2_PN7cutlass10bfloat16_tEii
DEBUG     0 bytes stack frame, 0 bytes spill stores, 0 bytes spill loads
DEBUG ptxas info    : Used 90 registers, used 1 barriers, 5120 bytes smem
DEBUG ptxas info    : Compile time = 16.890 ms
DEBUG ptxas info    : Compiling entry function '_ZN20flash_kda_sm103_tmem30_flash_kda_tmem_k2_first_chunkEPKvS1_PN7cutlass10bfloat16_tEii' for 'sm_103a'
DEBUG ptxas info    : Function properties for _ZN20flash_kda_sm103_tmem30_flash_kda_tmem_k2_first_chunkEPKvS1_PN7cutlass10bfloat16_tEii
DEBUG     0 bytes stack frame, 0 bytes spill stores, 0 bytes spill loads
DEBUG ptxas info    : Used 56 registers, used 1 barriers, 5120 bytes smem
DEBUG ptxas info    : Compile time = 12.389 ms
DEBUG ptxas info    : Compiling entry function '_ZN20flash_kda_sm103_tmem42_flash_kda_tmem_real_state_q_product_probeEPKvS1_ii' for 'sm_103a'
DEBUG ptxas info    : Function properties for _ZN20flash_kda_sm103_tmem42_flash_kda_tmem_real_state_q_product_probeEPKvS1_ii
DEBUG     128 bytes stack frame, 0 bytes spill stores, 0 bytes spill loads
DEBUG ptxas info    : Used 32 registers, used 1 barriers, 128 bytes cumulative stack size, 5120 bytes smem
DEBUG ptxas info    : Compile time = 14.737 ms
DEBUG ptxas info    : Compiling entry function '_ZN20flash_kda_sm103_tmem40_flash_kda_tmem_real_state_mapping_probeEPKvi' for 'sm_103a'
DEBUG ptxas info    : Function properties for _ZN20flash_kda_sm103_tmem40_flash_kda_tmem_real_state_mapping_probeEPKvi
DEBUG     0 bytes stack frame, 0 bytes spill stores, 0 bytes spill loads
DEBUG ptxas info    : Used 32 registers, used 1 barriers, 5120 bytes smem
DEBUG ptxas info    : Compile time = 10.905 ms
DEBUG ptxas info    : Compiling entry function '_ZN20flash_kda_sm103_tmem41_flash_kda_tmem_q_workspace_mapping_probeEPKvii' for 'sm_103a'
DEBUG ptxas info    : Function properties for _ZN20flash_kda_sm103_tmem41_flash_kda_tmem_q_workspace_mapping_probeEPKvii
DEBUG     0 bytes stack frame, 0 bytes spill stores, 0 bytes spill loads
DEBUG ptxas info    : Used 32 registers, used 1 barriers, 5120 bytes smem
DEBUG ptxas info    : Compile time = 10.569 ms
DEBUG ptxas info    : Compiling entry function '_ZN20flash_kda_sm103_tmem35_flash_kda_tmem_atmem_mapping_probeEv' for 'sm_103a'
DEBUG ptxas info    : Function properties for _ZN20flash_kda_sm103_tmem35_flash_kda_tmem_atmem_mapping_probeEv
DEBUG     0 bytes stack frame, 0 bytes spill stores, 0 bytes spill loads
DEBUG ptxas info    : Used 32 registers, used 1 barriers, 17408 bytes smem
DEBUG ptxas info    : Compile time = 8.946 ms
DEBUG ptxas info    : Compiling entry function '_ZN20flash_kda_sm103_tmem27_flash_kda_tmem_atmem_probeEv' for 'sm_103a'
DEBUG ptxas info    : Function properties for _ZN20flash_kda_sm103_tmem27_flash_kda_tmem_atmem_probeEv
DEBUG     0 bytes stack frame, 0 bytes spill stores, 0 bytes spill loads
DEBUG ptxas info    : Used 22 registers, used 1 barriers, 17408 bytes smem
DEBUG ptxas info    : Compile time = 6.800 ms
DEBUG ptxas info    : Compiling entry function '_ZN20flash_kda_sm103_tmem25_flash_kda_tmem_mma_probeEv' for 'sm_103a'
DEBUG ptxas info    : Function properties for _ZN20flash_kda_sm103_tmem25_flash_kda_tmem_mma_probeEv
DEBUG     0 bytes stack frame, 0 bytes spill stores, 0 bytes spill loads
DEBUG ptxas info    : Used 21 registers, used 1 barriers, 32896 bytes smem
DEBUG ptxas info    : Compile time = 7.969 ms
DEBUG ptxas info    : Compiling entry function '_ZN20flash_kda_sm103_tmem31_flash_kda_tmem_roundtrip_probeEv' for 'sm_103a'
DEBUG ptxas info    : Function properties for _ZN20flash_kda_sm103_tmem31_flash_kda_tmem_roundtrip_probeEv
DEBUG     0 bytes stack frame, 0 bytes spill stores, 0 bytes spill loads
DEBUG ptxas info    : Used 23 registers, used 1 barriers, 128 bytes smem
DEBUG ptxas info    : Compile time = 3.568 ms
DEBUG ptxas info    : Compiling entry function '_ZN20flash_kda_sm103_tmem31_flash_kda_tmem_lifecycle_probeEv' for 'sm_103a'
DEBUG ptxas info    : Function properties for _ZN20flash_kda_sm103_tmem31_flash_kda_tmem_lifecycle_probeEv
DEBUG     0 bytes stack frame, 0 bytes spill stores, 0 bytes spill loads
DEBUG ptxas info    : Used 8 registers, used 1 barriers, 128 bytes smem
DEBUG ptxas info    : Compile time = 2.831 ms
DEBUG ptxas info    : Compiling entry function '_Z25_flash_kda_fwd_recurrenceIN4cute9TiledCopyINS0_9Copy_AtomIJNS0_11Copy_TraitsINS0_13SM90_TMA_LOADEJNS0_1CILi2048EEENS0_12AuxTmaParamsINS0_5tupleIJNS0_11ScaledBasisINS5_ILi1EEEJLi2EEEENS9_ISA_JLi1EEEENS9_IiJLi0EEEEEEERKNS0_6LayoutINS8_IJNS5_ILi8EEENS5_ILi16EEESA_EEENS8_IJSB_SC_NS9_ISA_JLi0EEEEEEEEERKNS0_7SwizzleILi0ELi4ELi3EEEEEEEEN7cutlass10bfloat16_tEEEENSF_INS8_IJSA_NS8_IJNS8_IJNS8_IJSG_SH_EEESH_EEEEEEEEENS8_IJNS5_ILi0EEENS8_IJNS8_IJNS8_IJSH_SA_EEENS5_ILi128EEEEEEEEEEEEEENS8_IJSA_SH_S13_EEEEENS1_INS2_IJNS3_IS4_JNS5_ILi512EEENS7_INS8_IJSJ_EEERKNSF_INS8_IJNS5_ILi32EEEEEES1B_EESR_EEEEESV_EEENSF_INS8_IJSA_NS8_IJNS8_IJS1C_SA_EEEEEEEEENS8_IJS11_NS8_IJNS8_IJSA_S11_EEEEEEEEEEES1D_EENS1_INS2_IJNS3_IS4_JS6_NS7_ISK_SN_SR_EEEEESV_EEES17_S18_EES1V_S1V_NS1_INS2_IJNS3_IS4_JNS5_ILi4096EEENS7_INS8_IJSC_SJ_EEERKNSF_INS8_IJS13_SA_EEES1X_EESR_EEEEEfEEENSF_INS8_IJSA_NS8_IJS1Y_EEEEEES1P_EENS8_IJSA_S13_EEEEENS1_IS1U_NSF_INS8_IJSA_NS8_IJNS8_IJSX_NS5_ILi2EEEEEEEEEEEES16_EENS8_IJSA_SH_SH_EEEEES2G_NS1_INS2_IJNS3_IS4_JNS5_ILi32768EEENS7_ISK_RKNSF_INS8_IJSG_S13_SA_EEESK_EERKNSO_ILi1ELi4ELi3EEEEEEEEfEEENSF_INS8_IJSA_NS8_IJNS8_IJNS8_IJSG_S13_EEESH_EEEEEEEEENS8_IJS11_NS8_IJNS8_IJS1Y_NS5_ILi1024EEEEEEEEEEEEEENS8_IJSA_S13_S13_EEEEENS1_INS2_IJNS3_INS0_14SM90_TMA_STOREEJS2H_S2P_EEEfEEES30_S31_EENS1_INS2_IJNS3_IS33_JS6_SS_EEESV_EEES17_S18_EELi16ELi128ELi3ELi2ELi192ELb1ELb0ELb1ELb0EEvT_T0_T1_T2_T3_T4_T5_T6_T7_T8_T9_PSV_iiiiPKliPj22K1WorkspaceRawPointers' for 'sm_103a'
DEBUG ptxas info    : Function properties for _Z25_flash_kda_fwd_recurrenceIN4cute9TiledCopyINS0_9Copy_AtomIJNS0_11Copy_TraitsINS0_13SM90_TMA_LOADEJNS0_1CILi2048EEENS0_12AuxTmaParamsINS0_5tupleIJNS0_11ScaledBasisINS5_ILi1EEEJLi2EEEENS9_ISA_JLi1EEEENS9_IiJLi0EEEEEEERKNS0_6LayoutINS8_IJNS5_ILi8EEENS5_ILi16EEESA_EEENS8_IJSB_SC_NS9_ISA_JLi0EEEEEEEEERKNS0_7SwizzleILi0ELi4ELi3EEEEEEEEN7cutlass10bfloat16_tEEEENSF_INS8_IJSA_NS8_IJNS8_IJNS8_IJSG_SH_EEESH_EEEEEEEEENS8_IJNS5_ILi0EEENS8_IJNS8_IJNS8_IJSH_SA_EEENS5_ILi128EEEEEEEEEEEEEENS8_IJSA_SH_S13_EEEEENS1_INS2_IJNS3_IS4_JNS5_ILi512EEENS7_INS8_IJSJ_EEERKNSF_INS8_IJNS5_ILi32EEEEEES1B_EESR_EEEEESV_EEENSF_INS8_IJSA_NS8_IJNS8_IJS1C_SA_EEEEEEEEENS8_IJS11_NS8_IJNS8_IJSA_S11_EEEEEEEEEEES1D_EENS1_INS2_IJNS3_IS4_JS6_NS7_ISK_SN_SR_EEEEESV_EEES17_S18_EES1V_S1V_NS1_INS2_IJNS3_IS4_JNS5_ILi4096EEENS7_INS8_IJSC_SJ_EEERKNSF_INS8_IJS13_SA_EEES1X_EESR_EEEEEfEEENSF_INS8_IJSA_NS8_IJS1Y_EEEEEES1P_EENS8_IJSA_S13_EEEEENS1_IS1U_NSF_INS8_IJSA_NS8_IJNS8_IJSX_NS5_ILi2EEEEEEEEEEEES16_EENS8_IJSA_SH_SH_EEEEES2G_NS1_INS2_IJNS3_IS4_JNS5_ILi32768EEENS7_ISK_RKNSF_INS8_IJSG_S13_SA_EEESK_EERKNSO_ILi1ELi4ELi3EEEEEEEEfEEENSF_INS8_IJSA_NS8_IJNS8_IJNS8_IJSG_S13_EEESH_EEEEEEEEENS8_IJS11_NS8_IJNS8_IJS1Y_NS5_ILi1024EEEEEEEEEEEEEENS8_IJSA_S13_S13_EEEEENS1_INS2_IJNS3_INS0_14SM90_TMA_STOREEJS2H_S2P_EEEfEEES30_S31_EENS1_INS2_IJNS3_IS33_JS6_SS_EEESV_EEES17_S18_EELi16ELi128ELi3ELi2ELi192ELb1ELb0ELb1ELb0EEvT_T0_T1_T2_T3_T4_T5_T6_T7_T8_T9_PSV_iiiiPKliPj22K1WorkspaceRawPointers
DEBUG     0 bytes stack frame, 0 bytes spill stores, 0 bytes spill loads
DEBUG ptxas info    : Used 110 registers, used 9 barriers
DEBUG ptxas info    : Compile time = 91.573 ms
DEBUG ptxas info    : Compiling entry function '_Z25_flash_kda_fwd_recurrenceIN4cute9TiledCopyINS0_9Copy_AtomIJNS0_11Copy_TraitsINS0_13SM90_TMA_LOADEJNS0_1CILi2048EEENS0_12AuxTmaParamsINS0_5tupleIJNS0_11ScaledBasisINS5_ILi1EEEJLi2EEEENS9_ISA_JLi1EEEENS9_IiJLi0EEEEEEERKNS0_6LayoutINS8_IJNS5_ILi8EEENS5_ILi16EEESA_EEENS8_IJSB_SC_NS9_ISA_JLi0EEEEEEEEERKNS0_7SwizzleILi0ELi4ELi3EEEEEEEEN7cutlass10bfloat16_tEEEENSF_INS8_IJSA_NS8_IJNS8_IJNS8_IJSG_SH_EEESH_EEEEEEEEENS8_IJNS5_ILi0EEENS8_IJNS8_IJNS8_IJSH_SA_EEENS5_ILi128EEEEEEEEEEEEEENS8_IJSA_SH_S13_EEEEENS1_INS2_IJNS3_IS4_JNS5_ILi512EEENS7_INS8_IJSJ_EEERKNSF_INS8_IJNS5_ILi32EEEEEES1B_EESR_EEEEESV_EEENSF_INS8_IJSA_NS8_IJNS8_IJS1C_SA_EEEEEEEEENS8_IJS11_NS8_IJNS8_IJSA_S11_EEEEEEEEEEES1D_EENS1_INS2_IJNS3_IS4_JS6_NS7_ISK_SN_SR_EEEEESV_EEES17_S18_EES1V_S1V_NS1_INS2_IJNS3_IS4_JNS5_ILi4096EEENS7_INS8_IJSC_SJ_EEERKNSF_INS8_IJS13_SA_EEES1X_EESR_EEEEEfEEENSF_INS8_IJSA_NS8_IJS1Y_EEEEEES1P_EENS8_IJSA_S13_EEEEENS1_IS1U_NSF_INS8_IJSA_NS8_IJNS8_IJSX_NS5_ILi2EEEEEEEEEEEES16_EENS8_IJSA_SH_SH_EEEEES2G_NS1_INS2_IJNS3_IS4_JNS5_ILi32768EEENS7_ISK_RKNSF_INS8_IJSG_S13_SA_EEESK_EERKNSO_ILi1ELi4ELi3EEEEEEEEfEEENSF_INS8_IJSA_NS8_IJNS8_IJNS8_IJSG_S13_EEESH_EEEEEEEEENS8_IJS11_NS8_IJNS8_IJS1Y_NS5_ILi1024EEEEEEEEEEEEEENS8_IJSA_S13_S13_EEEEENS1_INS2_IJNS3_INS0_14SM90_TMA_STOREEJS2H_S2P_EEEfEEES30_S31_EENS1_INS2_IJNS3_IS33_JS6_SS_EEESV_EEES17_S18_EELi16ELi128ELi3ELi2ELi192ELb0ELb1ELb1ELb0EEvT_T0_T1_T2_T3_T4_T5_T6_T7_T8_T9_PSV_iiiiPKliPj22K1WorkspaceRawPointers' for 'sm_103a'
DEBUG ptxas info    : Function properties for _Z25_flash_kda_fwd_recurrenceIN4cute9TiledCopyINS0_9Copy_AtomIJNS0_11Copy_TraitsINS0_13SM90_TMA_LOADEJNS0_1CILi2048EEENS0_12AuxTmaParamsINS0_5tupleIJNS0_11ScaledBasisINS5_ILi1EEEJLi2EEEENS9_ISA_JLi1EEEENS9_IiJLi0EEEEEEERKNS0_6LayoutINS8_IJNS5_ILi8EEENS5_ILi16EEESA_EEENS8_IJSB_SC_NS9_ISA_JLi0EEEEEEEEERKNS0_7SwizzleILi0ELi4ELi3EEEEEEEEN7cutlass10bfloat16_tEEEENSF_INS8_IJSA_NS8_IJNS8_IJNS8_IJSG_SH_EEESH_EEEEEEEEENS8_IJNS5_ILi0EEENS8_IJNS8_IJNS8_IJSH_SA_EEENS5_ILi128EEEEEEEEEEEEEENS8_IJSA_SH_S13_EEEEENS1_INS2_IJNS3_IS4_JNS5_ILi512EEENS7_INS8_IJSJ_EEERKNSF_INS8_IJNS5_ILi32EEEEEES1B_EESR_EEEEESV_EEENSF_INS8_IJSA_NS8_IJNS8_IJS1C_SA_EEEEEEEEENS8_IJS11_NS8_IJNS8_IJSA_S11_EEEEEEEEEEES1D_EENS1_INS2_IJNS3_IS4_JS6_NS7_ISK_SN_SR_EEEEESV_EEES17_S18_EES1V_S1V_NS1_INS2_IJNS3_IS4_JNS5_ILi4096EEENS7_INS8_IJSC_SJ_EEERKNSF_INS8_IJS13_SA_EEES1X_EESR_EEEEEfEEENSF_INS8_IJSA_NS8_IJS1Y_EEEEEES1P_EENS8_IJSA_S13_EEEEENS1_IS1U_NSF_INS8_IJSA_NS8_IJNS8_IJSX_NS5_ILi2EEEEEEEEEEEES16_EENS8_IJSA_SH_SH_EEEEES2G_NS1_INS2_IJNS3_IS4_JNS5_ILi32768EEENS7_ISK_RKNSF_INS8_IJSG_S13_SA_EEESK_EERKNSO_ILi1ELi4ELi3EEEEEEEEfEEENSF_INS8_IJSA_NS8_IJNS8_IJNS8_IJSG_S13_EEESH_EEEEEEEEENS8_IJS11_NS8_IJNS8_IJS1Y_NS5_ILi1024EEEEEEEEEEEEEENS8_IJSA_S13_S13_EEEEENS1_INS2_IJNS3_INS0_14SM90_TMA_STOREEJS2H_S2P_EEEfEEES30_S31_EENS1_INS2_IJNS3_IS33_JS6_SS_EEESV_EEES17_S18_EELi16ELi128ELi3ELi2ELi192ELb0ELb1ELb1ELb0EEvT_T0_T1_T2_T3_T4_T5_T6_T7_T8_T9_PSV_iiiiPKliPj22K1WorkspaceRawPointers
DEBUG     0 bytes stack frame, 0 bytes spill stores, 0 bytes spill loads
DEBUG ptxas info    : Used 110 registers, used 9 barriers
DEBUG ptxas info    : Compile time = 92.160 ms
DEBUG ptxas info    : Compiling entry function '_Z37_flash_kda_fwd_recurrence_bf16_sharedIN4cute9TiledCopyINS0_9Copy_AtomIJNS0_11Copy_TraitsINS0_13SM90_TMA_LOADEJNS0_1CILi2048EEENS0_12AuxTmaParamsINS0_5tupleIJNS0_11ScaledBasisINS5_ILi1EEEJLi2EEEENS9_ISA_JLi1EEEENS9_IiJLi0EEEEEEERKNS0_6LayoutINS8_IJNS5_ILi8EEENS5_ILi16EEESA_EEENS8_IJSB_SC_NS9_ISA_JLi0EEEEEEEEERKNS0_7SwizzleILi0ELi4ELi3EEEEEEEEN7cutlass10bfloat16_tEEEENSF_INS8_IJSA_NS8_IJNS8_IJNS8_IJSG_SH_EEESH_EEEEEEEEENS8_IJNS5_ILi0EEENS8_IJNS8_IJNS8_IJSH_SA_EEENS5_ILi128EEEEEEEEEEEEEENS8_IJSA_SH_S13_EEEEENS1_INS2_IJNS3_IS4_JNS5_ILi512EEENS7_INS8_IJSJ_EEERKNSF_INS8_IJNS5_ILi32EEEEEES1B_EESR_EEEEESV_EEENSF_INS8_IJSA_NS8_IJNS8_IJS1C_SA_EEEEEEEEENS8_IJS11_NS8_IJNS8_IJSA_S11_EEEEEEEEEEES1D_EENS1_INS2_IJNS3_IS4_JS6_NS7_ISK_SN_SR_EEEEESV_EEES17_S18_EES1V_S1V_NS1_INS2_IJNS3_IS4_JNS5_ILi4096EEENS7_INS8_IJSC_SJ_EEERKNSF_INS8_IJS13_SA_EEES1X_EESR_EEEEEfEEENSF_INS8_IJSA_NS8_IJS1Y_EEEEEES1P_EENS8_IJSA_S13_EEEEENS1_IS1U_NSF_INS8_IJSA_NS8_IJNS8_IJSX_NS5_ILi2EEEEEEEEEEEES16_EENS8_IJSA_SH_SH_EEEEES2G_NS1_INS2_IJNS3_IS4_JNS5_ILi16384EEENS7_ISK_RKNSF_INS8_IJSG_S13_SA_EEESK_EESR_EEEEESV_EEENSF_INS8_IJSA_NS8_IJNS8_IJNS8_IJSG_S13_EEESH_EEEEEEEEENS8_IJS11_NS8_IJNS8_IJS1Y_NS5_ILi1024EEEEEEEEEEEEEENS8_IJSA_S13_S13_EEEEENS1_INS2_IJNS3_INS0_14SM90_TMA_STOREEJS2H_S2M_EEESV_EEES2X_S2Y_EENS1_INS2_IJNS3_IS30_JS6_SS_EEESV_EEES17_S18_EELi16ELi128ELi3ELi2ELi192ELb1ELb0ELb0ELb0EEvT_T0_T1_T2_T3_T4_T5_T6_T7_T8_T9_PSV_iiiiPKliPj22K1WorkspaceRawPointers' for 'sm_103a'
DEBUG ptxas info    : Function properties for _Z37_flash_kda_fwd_recurrence_bf16_sharedIN4cute9TiledCopyINS0_9Copy_AtomIJNS0_11Copy_TraitsINS0_13SM90_TMA_LOADEJNS0_1CILi2048EEENS0_12AuxTmaParamsINS0_5tupleIJNS0_11ScaledBasisINS5_ILi1EEEJLi2EEEENS9_ISA_JLi1EEEENS9_IiJLi0EEEEEEERKNS0_6LayoutINS8_IJNS5_ILi8EEENS5_ILi16EEESA_EEENS8_IJSB_SC_NS9_ISA_JLi0EEEEEEEEERKNS0_7SwizzleILi0ELi4ELi3EEEEEEEEN7cutlass10bfloat16_tEEEENSF_INS8_IJSA_NS8_IJNS8_IJNS8_IJSG_SH_EEESH_EEEEEEEEENS8_IJNS5_ILi0EEENS8_IJNS8_IJNS8_IJSH_SA_EEENS5_ILi128EEEEEEEEEEEEEENS8_IJSA_SH_S13_EEEEENS1_INS2_IJNS3_IS4_JNS5_ILi512EEENS7_INS8_IJSJ_EEERKNSF_INS8_IJNS5_ILi32EEEEEES1B_EESR_EEEEESV_EEENSF_INS8_IJSA_NS8_IJNS8_IJS1C_SA_EEEEEEEEENS8_IJS11_NS8_IJNS8_IJSA_S11_EEEEEEEEEEES1D_EENS1_INS2_IJNS3_IS4_JS6_NS7_ISK_SN_SR_EEEEESV_EEES17_S18_EES1V_S1V_NS1_INS2_IJNS3_IS4_JNS5_ILi4096EEENS7_INS8_IJSC_SJ_EEERKNSF_INS8_IJS13_SA_EEES1X_EESR_EEEEEfEEENSF_INS8_IJSA_NS8_IJS1Y_EEEEEES1P_EENS8_IJSA_S13_EEEEENS1_IS1U_NSF_INS8_IJSA_NS8_IJNS8_IJSX_NS5_ILi2EEEEEEEEEEEES16_EENS8_IJSA_SH_SH_EEEEES2G_NS1_INS2_IJNS3_IS4_JNS5_ILi16384EEENS7_ISK_RKNSF_INS8_IJSG_S13_SA_EEESK_EESR_EEEEESV_EEENSF_INS8_IJSA_NS8_IJNS8_IJNS8_IJSG_S13_EEESH_EEEEEEEEENS8_IJS11_NS8_IJNS8_IJS1Y_NS5_ILi1024EEEEEEEEEEEEEENS8_IJSA_S13_S13_EEEEENS1_INS2_IJNS3_INS0_14SM90_TMA_STOREEJS2H_S2M_EEESV_EEES2X_S2Y_EENS1_INS2_IJNS3_IS30_JS6_SS_EEESV_EEES17_S18_EELi16ELi128ELi3ELi2ELi192ELb1ELb0ELb0ELb0EEvT_T0_T1_T2_T3_T4_T5_T6_T7_T8_T9_PSV_iiiiPKliPj22K1WorkspaceRawPointers
DEBUG     0 bytes stack frame, 0 bytes spill stores, 0 bytes spill loads
DEBUG ptxas info    : Used 118 registers, used 9 barriers
DEBUG ptxas info    : Compile time = 85.483 ms
DEBUG ptxas info    : Compiling entry function '_Z37_flash_kda_fwd_recurrence_bf16_sharedIN4cute9TiledCopyINS0_9Copy_AtomIJNS0_11Copy_TraitsINS0_13SM90_TMA_LOADEJNS0_1CILi2048EEENS0_12AuxTmaParamsINS0_5tupleIJNS0_11ScaledBasisINS5_ILi1EEEJLi2EEEENS9_ISA_JLi1EEEENS9_IiJLi0EEEEEEERKNS0_6LayoutINS8_IJNS5_ILi8EEENS5_ILi16EEESA_EEENS8_IJSB_SC_NS9_ISA_JLi0EEEEEEEEERKNS0_7SwizzleILi0ELi4ELi3EEEEEEEEN7cutlass10bfloat16_tEEEENSF_INS8_IJSA_NS8_IJNS8_IJNS8_IJSG_SH_EEESH_EEEEEEEEENS8_IJNS5_ILi0EEENS8_IJNS8_IJNS8_IJSH_SA_EEENS5_ILi128EEEEEEEEEEEEEENS8_IJSA_SH_S13_EEEEENS1_INS2_IJNS3_IS4_JNS5_ILi512EEENS7_INS8_IJSJ_EEERKNSF_INS8_IJNS5_ILi32EEEEEES1B_EESR_EEEEESV_EEENSF_INS8_IJSA_NS8_IJNS8_IJS1C_SA_EEEEEEEEENS8_IJS11_NS8_IJNS8_IJSA_S11_EEEEEEEEEEES1D_EENS1_INS2_IJNS3_IS4_JS6_NS7_ISK_SN_SR_EEEEESV_EEES17_S18_EES1V_S1V_NS1_INS2_IJNS3_IS4_JNS5_ILi4096EEENS7_INS8_IJSC_SJ_EEERKNSF_INS8_IJS13_SA_EEES1X_EESR_EEEEEfEEENSF_INS8_IJSA_NS8_IJS1Y_EEEEEES1P_EENS8_IJSA_S13_EEEEENS1_IS1U_NSF_INS8_IJSA_NS8_IJNS8_IJSX_NS5_ILi2EEEEEEEEEEEES16_EENS8_IJSA_SH_SH_EEEEES2G_NS1_INS2_IJNS3_IS4_JNS5_ILi16384EEENS7_ISK_RKNSF_INS8_IJSG_S13_SA_EEESK_EESR_EEEEESV_EEENSF_INS8_IJSA_NS8_IJNS8_IJNS8_IJSG_S13_EEESH_EEEEEEEEENS8_IJS11_NS8_IJNS8_IJS1Y_NS5_ILi1024EEEEEEEEEEEEEENS8_IJSA_S13_S13_EEEEENS1_INS2_IJNS3_INS0_14SM90_TMA_STOREEJS2H_S2M_EEESV_EEES2X_S2Y_EENS1_INS2_IJNS3_IS30_JS6_SS_EEESV_EEES17_S18_EELi16ELi128ELi3ELi2ELi192ELb0ELb1ELb0ELb0EEvT_T0_T1_T2_T3_T4_T5_T6_T7_T8_T9_PSV_iiiiPKliPj22K1WorkspaceRawPointers' for 'sm_103a'
DEBUG ptxas info    : Function properties for _Z37_flash_kda_fwd_recurrence_bf16_sharedIN4cute9TiledCopyINS0_9Copy_AtomIJNS0_11Copy_TraitsINS0_13SM90_TMA_LOADEJNS0_1CILi2048EEENS0_12AuxTmaParamsINS0_5tupleIJNS0_11ScaledBasisINS5_ILi1EEEJLi2EEEENS9_ISA_JLi1EEEENS9_IiJLi0EEEEEEERKNS0_6LayoutINS8_IJNS5_ILi8EEENS5_ILi16EEESA_EEENS8_IJSB_SC_NS9_ISA_JLi0EEEEEEEEERKNS0_7SwizzleILi0ELi4ELi3EEEEEEEEN7cutlass10bfloat16_tEEEENSF_INS8_IJSA_NS8_IJNS8_IJNS8_IJSG_SH_EEESH_EEEEEEEEENS8_IJNS5_ILi0EEENS8_IJNS8_IJNS8_IJSH_SA_EEENS5_ILi128EEEEEEEEEEEEEENS8_IJSA_SH_S13_EEEEENS1_INS2_IJNS3_IS4_JNS5_ILi512EEENS7_INS8_IJSJ_EEERKNSF_INS8_IJNS5_ILi32EEEEEES1B_EESR_EEEEESV_EEENSF_INS8_IJSA_NS8_IJNS8_IJS1C_SA_EEEEEEEEENS8_IJS11_NS8_IJNS8_IJSA_S11_EEEEEEEEEEES1D_EENS1_INS2_IJNS3_IS4_JS6_NS7_ISK_SN_SR_EEEEESV_EEES17_S18_EES1V_S1V_NS1_INS2_IJNS3_IS4_JNS5_ILi4096EEENS7_INS8_IJSC_SJ_EEERKNSF_INS8_IJS13_SA_EEES1X_EESR_EEEEEfEEENSF_INS8_IJSA_NS8_IJS1Y_EEEEEES1P_EENS8_IJSA_S13_EEEEENS1_IS1U_NSF_INS8_IJSA_NS8_IJNS8_IJSX_NS5_ILi2EEEEEEEEEEEES16_EENS8_IJSA_SH_SH_EEEEES2G_NS1_INS2_IJNS3_IS4_JNS5_ILi16384EEENS7_ISK_RKNSF_INS8_IJSG_S13_SA_EEESK_EESR_EEEEESV_EEENSF_INS8_IJSA_NS8_IJNS8_IJNS8_IJSG_S13_EEESH_EEEEEEEEENS8_IJS11_NS8_IJNS8_IJS1Y_NS5_ILi1024EEEEEEEEEEEEEENS8_IJSA_S13_S13_EEEEENS1_INS2_IJNS3_INS0_14SM90_TMA_STOREEJS2H_S2M_EEESV_EEES2X_S2Y_EENS1_INS2_IJNS3_IS30_JS6_SS_EEESV_EEES17_S18_EELi16ELi128ELi3ELi2ELi192ELb0ELb1ELb0ELb0EEvT_T0_T1_T2_T3_T4_T5_T6_T7_T8_T9_PSV_iiiiPKliPj22K1WorkspaceRawPointers
DEBUG     0 bytes stack frame, 0 bytes spill stores, 0 bytes spill loads
DEBUG ptxas info    : Used 118 registers, used 9 barriers
DEBUG ptxas info    : Compile time = 88.840 ms
DEBUG ptxas info    : Compiling entry function '_Z37_flash_kda_fwd_recurrence_bf16_sharedIN4cute9TiledCopyINS0_9Copy_AtomIJNS0_11Copy_TraitsINS0_13SM90_TMA_LOADEJNS0_1CILi2048EEENS0_12AuxTmaParamsINS0_5tupleIJNS0_11ScaledBasisINS5_ILi1EEEJLi2EEEENS9_ISA_JLi1EEEENS9_IiJLi0EEEEEEERKNS0_6LayoutINS8_IJNS5_ILi8EEENS5_ILi16EEESA_EEENS8_IJSB_SC_NS9_ISA_JLi0EEEEEEEEERKNS0_7SwizzleILi0ELi4ELi3EEEEEEEEN7cutlass10bfloat16_tEEEENSF_INS8_IJSA_NS8_IJNS8_IJNS8_IJSG_SH_EEESH_EEEEEEEEENS8_IJNS5_ILi0EEENS8_IJNS8_IJNS8_IJSH_SA_EEENS5_ILi128EEEEEEEEEEEEEENS8_IJSA_SH_S13_EEEEENS1_INS2_IJNS3_IS4_JNS5_ILi512EEENS7_INS8_IJSJ_EEERKNSF_INS8_IJNS5_ILi32EEEEEES1B_EESR_EEEEESV_EEENSF_INS8_IJSA_NS8_IJNS8_IJS1C_SA_EEEEEEEEENS8_IJS11_NS8_IJNS8_IJSA_S11_EEEEEEEEEEES1D_EENS1_INS2_IJNS3_IS4_JS6_NS7_ISK_SN_SR_EEEEESV_EEES17_S18_EES1V_S1V_NS1_INS2_IJNS3_IS4_JNS5_ILi4096EEENS7_INS8_IJSC_SJ_EEERKNSF_INS8_IJS13_SA_EEES1X_EESR_EEEEEfEEENSF_INS8_IJSA_NS8_IJS1Y_EEEEEES1P_EENS8_IJSA_S13_EEEEENS1_IS1U_NSF_INS8_IJSA_NS8_IJNS8_IJSX_NS5_ILi2EEEEEEEEEEEES16_EENS8_IJSA_SH_SH_EEEEES2G_NS1_INS2_IJNS3_IS4_JNS5_ILi16384EEENS7_ISK_RKNSF_INS8_IJSG_S13_SA_EEESK_EESR_EEEEESV_EEENSF_INS8_IJSA_NS8_IJNS8_IJNS8_IJSG_S13_EEESH_EEEEEEEEENS8_IJS11_NS8_IJNS8_IJS1Y_NS5_ILi1024EEEEEEEEEEEEEENS8_IJSA_S13_S13_EEEEENS1_INS2_IJNS3_INS0_14SM90_TMA_STOREEJS2H_S2M_EEESV_EEES2X_S2Y_EENS1_INS2_IJNS3_IS30_JS6_SS_EEESV_EEES17_S18_EELi16ELi128ELi3ELi2ELi192ELb0ELb0ELb0ELb0EEvT_T0_T1_T2_T3_T4_T5_T6_T7_T8_T9_PSV_iiiiPKliPj22K1WorkspaceRawPointers' for 'sm_103a'
DEBUG ptxas info    : Function properties for _Z37_flash_kda_fwd_recurrence_bf16_sharedIN4cute9TiledCopyINS0_9Copy_AtomIJNS0_11Copy_TraitsINS0_13SM90_TMA_LOADEJNS0_1CILi2048EEENS0_12AuxTmaParamsINS0_5tupleIJNS0_11ScaledBasisINS5_ILi1EEEJLi2EEEENS9_ISA_JLi1EEEENS9_IiJLi0EEEEEEERKNS0_6LayoutINS8_IJNS5_ILi8EEENS5_ILi16EEESA_EEENS8_IJSB_SC_NS9_ISA_JLi0EEEEEEEEERKNS0_7SwizzleILi0ELi4ELi3EEEEEEEEN7cutlass10bfloat16_tEEEENSF_INS8_IJSA_NS8_IJNS8_IJNS8_IJSG_SH_EEESH_EEEEEEEEENS8_IJNS5_ILi0EEENS8_IJNS8_IJNS8_IJSH_SA_EEENS5_ILi128EEEEEEEEEEEEEENS8_IJSA_SH_S13_EEEEENS1_INS2_IJNS3_IS4_JNS5_ILi512EEENS7_INS8_IJSJ_EEERKNSF_INS8_IJNS5_ILi32EEEEEES1B_EESR_EEEEESV_EEENSF_INS8_IJSA_NS8_IJNS8_IJS1C_SA_EEEEEEEEENS8_IJS11_NS8_IJNS8_IJSA_S11_EEEEEEEEEEES1D_EENS1_INS2_IJNS3_IS4_JS6_NS7_ISK_SN_SR_EEEEESV_EEES17_S18_EES1V_S1V_NS1_INS2_IJNS3_IS4_JNS5_ILi4096EEENS7_INS8_IJSC_SJ_EEERKNSF_INS8_IJS13_SA_EEES1X_EESR_EEEEEfEEENSF_INS8_IJSA_NS8_IJS1Y_EEEEEES1P_EENS8_IJSA_S13_EEEEENS1_IS1U_NSF_INS8_IJSA_NS8_IJNS8_IJSX_NS5_ILi2EEEEEEEEEEEES16_EENS8_IJSA_SH_SH_EEEEES2G_NS1_INS2_IJNS3_IS4_JNS5_ILi16384EEENS7_ISK_RKNSF_INS8_IJSG_S13_SA_EEESK_EESR_EEEEESV_EEENSF_INS8_IJSA_NS8_IJNS8_IJNS8_IJSG_S13_EEESH_EEEEEEEEENS8_IJS11_NS8_IJNS8_IJS1Y_NS5_ILi1024EEEEEEEEEEEEEENS8_IJSA_S13_S13_EEEEENS1_INS2_IJNS3_INS0_14SM90_TMA_STOREEJS2H_S2M_EEESV_EEES2X_S2Y_EENS1_INS2_IJNS3_IS30_JS6_SS_EEESV_EEES17_S18_EELi16ELi128ELi3ELi2ELi192ELb0ELb0ELb0ELb0EEvT_T0_T1_T2_T3_T4_T5_T6_T7_T8_T9_PSV_iiiiPKliPj22K1WorkspaceRawPointers
DEBUG     0 bytes stack frame, 0 bytes spill stores, 0 bytes spill loads
DEBUG ptxas info    : Used 118 registers, used 9 barriers
DEBUG ptxas info    : Compile time = 86.431 ms
DEBUG ptxas info    : Compiling entry function '_Z25_flash_kda_fwd_recurrenceIN4cute9TiledCopyINS0_9Copy_AtomIJNS0_11Copy_TraitsINS0_13SM90_TMA_LOADEJNS0_1CILi2048EEENS0_12AuxTmaParamsINS0_5tupleIJNS0_11ScaledBasisINS5_ILi1EEEJLi2EEEENS9_ISA_JLi1EEEENS9_IiJLi0EEEEEEERKNS0_6LayoutINS8_IJNS5_ILi8EEENS5_ILi16EEESA_EEENS8_IJSB_SC_NS9_ISA_JLi0EEEEEEEEERKNS0_7SwizzleILi0ELi4ELi3EEEEEEEEN7cutlass10bfloat16_tEEEENSF_INS8_IJSA_NS8_IJNS8_IJNS8_IJSG_SH_EEESH_EEEEEEEEENS8_IJNS5_ILi0EEENS8_IJNS8_IJNS8_IJSH_SA_EEENS5_ILi128EEEEEEEEEEEEEENS8_IJSA_SH_S13_EEEEENS1_INS2_IJNS3_IS4_JNS5_ILi512EEENS7_INS8_IJSJ_EEERKNSF_INS8_IJNS5_ILi32EEEEEES1B_EESR_EEEEESV_EEENSF_INS8_IJSA_NS8_IJNS8_IJS1C_SA_EEEEEEEEENS8_IJS11_NS8_IJNS8_IJSA_S11_EEEEEEEEEEES1D_EENS1_INS2_IJNS3_IS4_JS6_NS7_ISK_SN_SR_EEEEESV_EEES17_S18_EES1V_S1V_NS1_INS2_IJNS3_IS4_JNS5_ILi4096EEENS7_INS8_IJSC_SJ_EEERKNSF_INS8_IJS13_SA_EEES1X_EESR_EEEEEfEEENSF_INS8_IJSA_NS8_IJS1Y_EEEEEES1P_EENS8_IJSA_S13_EEEEENS1_IS1U_NSF_INS8_IJSA_NS8_IJNS8_IJSX_NS5_ILi2EEEEEEEEEEEES16_EENS8_IJSA_SH_SH_EEEEES2G_NS1_INS2_IJNS3_IS4_JNS5_ILi32768EEENS7_ISK_RKNSF_INS8_IJSG_S13_SA_EEESK_EERKNSO_ILi1ELi4ELi3EEEEEEEEfEEENSF_INS8_IJSA_NS8_IJNS8_IJNS8_IJSG_S13_EEESH_EEEEEEEEENS8_IJS11_NS8_IJNS8_IJS1Y_NS5_ILi1024EEEEEEEEEEEEEENS8_IJSA_S13_S13_EEEEENS1_INS2_IJNS3_INS0_14SM90_TMA_STOREEJS2H_S2P_EEEfEEES30_S31_EENS1_INS2_IJNS3_IS33_JS6_SS_EEESV_EEES17_S18_EELi16ELi128ELi3ELi2ELi192ELb1ELb1ELb1ELb0EEvT_T0_T1_T2_T3_T4_T5_T6_T7_T8_T9_PSV_iiiiPKliPj22K1WorkspaceRawPointers' for 'sm_103a'
DEBUG ptxas info    : Function properties for _Z25_flash_kda_fwd_recurrenceIN4cute9TiledCopyINS0_9Copy_AtomIJNS0_11Copy_TraitsINS0_13SM90_TMA_LOADEJNS0_1CILi2048EEENS0_12AuxTmaParamsINS0_5tupleIJNS0_11ScaledBasisINS5_ILi1EEEJLi2EEEENS9_ISA_JLi1EEEENS9_IiJLi0EEEEEEERKNS0_6LayoutINS8_IJNS5_ILi8EEENS5_ILi16EEESA_EEENS8_IJSB_SC_NS9_ISA_JLi0EEEEEEEEERKNS0_7SwizzleILi0ELi4ELi3EEEEEEEEN7cutlass10bfloat16_tEEEENSF_INS8_IJSA_NS8_IJNS8_IJNS8_IJSG_SH_EEESH_EEEEEEEEENS8_IJNS5_ILi0EEENS8_IJNS8_IJNS8_IJSH_SA_EEENS5_ILi128EEEEEEEEEEEEEENS8_IJSA_SH_S13_EEEEENS1_INS2_IJNS3_IS4_JNS5_ILi512EEENS7_INS8_IJSJ_EEERKNSF_INS8_IJNS5_ILi32EEEEEES1B_EESR_EEEEESV_EEENSF_INS8_IJSA_NS8_IJNS8_IJS1C_SA_EEEEEEEEENS8_IJS11_NS8_IJNS8_IJSA_S11_EEEEEEEEEEES1D_EENS1_INS2_IJNS3_IS4_JS6_NS7_ISK_SN_SR_EEEEESV_EEES17_S18_EES1V_S1V_NS1_INS2_IJNS3_IS4_JNS5_ILi4096EEENS7_INS8_IJSC_SJ_EEERKNSF_INS8_IJS13_SA_EEES1X_EESR_EEEEEfEEENSF_INS8_IJSA_NS8_IJS1Y_EEEEEES1P_EENS8_IJSA_S13_EEEEENS1_IS1U_NSF_INS8_IJSA_NS8_IJNS8_IJSX_NS5_ILi2EEEEEEEEEEEES16_EENS8_IJSA_SH_SH_EEEEES2G_NS1_INS2_IJNS3_IS4_JNS5_ILi32768EEENS7_ISK_RKNSF_INS8_IJSG_S13_SA_EEESK_EERKNSO_ILi1ELi4ELi3EEEEEEEEfEEENSF_INS8_IJSA_NS8_IJNS8_IJNS8_IJSG_S13_EEESH_EEEEEEEEENS8_IJS11_NS8_IJNS8_IJS1Y_NS5_ILi1024EEEEEEEEEEEEEENS8_IJSA_S13_S13_EEEEENS1_INS2_IJNS3_INS0_14SM90_TMA_STOREEJS2H_S2P_EEEfEEES30_S31_EENS1_INS2_IJNS3_IS33_JS6_SS_EEESV_EEES17_S18_EELi16ELi128ELi3ELi2ELi192ELb1ELb1ELb1ELb0EEvT_T0_T1_T2_T3_T4_T5_T6_T7_T8_T9_PSV_iiiiPKliPj22K1WorkspaceRawPointers
DEBUG     0 bytes stack frame, 0 bytes spill stores, 0 bytes spill loads
DEBUG ptxas info    : Used 118 registers, used 9 barriers
DEBUG ptxas info    : Compile time = 103.655 ms
DEBUG ptxas info    : Compiling entry function '_Z30_flash_kda_fwd_recurrence_bf16IN4cute9TiledCopyINS0_9Copy_AtomIJNS0_11Copy_TraitsINS0_13SM90_TMA_LOADEJNS0_1CILi2048EEENS0_12AuxTmaParamsINS0_5tupleIJNS0_11ScaledBasisINS5_ILi1EEEJLi2EEEENS9_ISA_JLi1EEEENS9_IiJLi0EEEEEEERKNS0_6LayoutINS8_IJNS5_ILi8EEENS5_ILi16EEESA_EEENS8_IJSB_SC_NS9_ISA_JLi0EEEEEEEEERKNS0_7SwizzleILi0ELi4ELi3EEEEEEEEN7cutlass10bfloat16_tEEEENSF_INS8_IJSA_NS8_IJNS8_IJNS8_IJSG_SH_EEESH_EEEEEEEEENS8_IJNS5_ILi0EEENS8_IJNS8_IJNS8_IJSH_SA_EEENS5_ILi128EEEEEEEEEEEEEENS8_IJSA_SH_S13_EEEEENS1_INS2_IJNS3_IS4_JNS5_ILi512EEENS7_INS8_IJSJ_EEERKNSF_INS8_IJNS5_ILi32EEEEEES1B_EESR_EEEEESV_EEENSF_INS8_IJSA_NS8_IJNS8_IJS1C_SA_EEEEEEEEENS8_IJS11_NS8_IJNS8_IJSA_S11_EEEEEEEEEEES1D_EENS1_INS2_IJNS3_IS4_JS6_NS7_ISK_SN_SR_EEEEESV_EEES17_S18_EES1V_S1V_NS1_INS2_IJNS3_IS4_JNS5_ILi4096EEENS7_INS8_IJSC_SJ_EEERKNSF_INS8_IJS13_SA_EEES1X_EESR_EEEEEfEEENSF_INS8_IJSA_NS8_IJS1Y_EEEEEES1P_EENS8_IJSA_S13_EEEEENS1_IS1U_NSF_INS8_IJSA_NS8_IJNS8_IJSX_NS5_ILi2EEEEEEEEEEEES16_EENS8_IJSA_SH_SH_EEEEES2G_NS1_INS2_IJNS3_IS4_JNS5_ILi16384EEENS7_ISK_RKNSF_INS8_IJSG_S13_SA_EEESK_EESR_EEEEESV_EEENSF_INS8_IJSA_NS8_IJNS8_IJNS8_IJSG_S13_EEESH_EEEEEEEEENS8_IJS11_NS8_IJNS8_IJS1Y_NS5_ILi1024EEEEEEEEEEEEEENS8_IJSA_S13_S13_EEEEENS1_INS2_IJNS3_IS4_JNS5_ILi32768EEENS7_ISK_S2L_RKNSO_ILi1ELi4ELi3EEEEEEEEfEEES2X_S2Y_EENS1_INS2_IJNS3_INS0_14SM90_TMA_STOREEJS2H_S2M_EEESV_EEES2X_S2Y_EENS1_INS2_IJNS3_IS38_JS6_SS_EEESV_EEES17_S18_EELi16ELi128ELi3ELi2ELi192ELb1ELb1ELb0ELb0ELb0EEvT_T0_T1_T2_T3_T4_T5_T6_T7_T8_T9_T10_PSV_iiiiPKliPj22K1WorkspaceRawPointers' for 'sm_103a'
DEBUG ptxas info    : Function properties for _Z30_flash_kda_fwd_recurrence_bf16IN4cute9TiledCopyINS0_9Copy_AtomIJNS0_11Copy_TraitsINS0_13SM90_TMA_LOADEJNS0_1CILi2048EEENS0_12AuxTmaParamsINS0_5tupleIJNS0_11ScaledBasisINS5_ILi1EEEJLi2EEEENS9_ISA_JLi1EEEENS9_IiJLi0EEEEEEERKNS0_6LayoutINS8_IJNS5_ILi8EEENS5_ILi16EEESA_EEENS8_IJSB_SC_NS9_ISA_JLi0EEEEEEEEERKNS0_7SwizzleILi0ELi4ELi3EEEEEEEEN7cutlass10bfloat16_tEEEENSF_INS8_IJSA_NS8_IJNS8_IJNS8_IJSG_SH_EEESH_EEEEEEEEENS8_IJNS5_ILi0EEENS8_IJNS8_IJNS8_IJSH_SA_EEENS5_ILi128EEEEEEEEEEEEEENS8_IJSA_SH_S13_EEEEENS1_INS2_IJNS3_IS4_JNS5_ILi512EEENS7_INS8_IJSJ_EEERKNSF_INS8_IJNS5_ILi32EEEEEES1B_EESR_EEEEESV_EEENSF_INS8_IJSA_NS8_IJNS8_IJS1C_SA_EEEEEEEEENS8_IJS11_NS8_IJNS8_IJSA_S11_EEEEEEEEEEES1D_EENS1_INS2_IJNS3_IS4_JS6_NS7_ISK_SN_SR_EEEEESV_EEES17_S18_EES1V_S1V_NS1_INS2_IJNS3_IS4_JNS5_ILi4096EEENS7_INS8_IJSC_SJ_EEERKNSF_INS8_IJS13_SA_EEES1X_EESR_EEEEEfEEENSF_INS8_IJSA_NS8_IJS1Y_EEEEEES1P_EENS8_IJSA_S13_EEEEENS1_IS1U_NSF_INS8_IJSA_NS8_IJNS8_IJSX_NS5_ILi2EEEEEEEEEEEES16_EENS8_IJSA_SH_SH_EEEEES2G_NS1_INS2_IJNS3_IS4_JNS5_ILi16384EEENS7_ISK_RKNSF_INS8_IJSG_S13_SA_EEESK_EESR_EEEEESV_EEENSF_INS8_IJSA_NS8_IJNS8_IJNS8_IJSG_S13_EEESH_EEEEEEEEENS8_IJS11_NS8_IJNS8_IJS1Y_NS5_ILi1024EEEEEEEEEEEEEENS8_IJSA_S13_S13_EEEEENS1_INS2_IJNS3_IS4_JNS5_ILi32768EEENS7_ISK_S2L_RKNSO_ILi1ELi4ELi3EEEEEEEEfEEES2X_S2Y_EENS1_INS2_IJNS3_INS0_14SM90_TMA_STOREEJS2H_S2M_EEESV_EEES2X_S2Y_EENS1_INS2_IJNS3_IS38_JS6_SS_EEESV_EEES17_S18_EELi16ELi128ELi3ELi2ELi192ELb1ELb1ELb0ELb0ELb0EEvT_T0_T1_T2_T3_T4_T5_T6_T7_T8_T9_T10_PSV_iiiiPKliPj22K1WorkspaceRawPointers
DEBUG     0 bytes stack frame, 0 bytes spill stores, 0 bytes spill loads
DEBUG ptxas info    : Used 166 registers, used 9 barriers
DEBUG ptxas info    : Compile time = 80.586 ms
DEBUG ptxas info    : Compiling entry function '_Z30_flash_kda_fwd_recurrence_bf16IN4cute9TiledCopyINS0_9Copy_AtomIJNS0_11Copy_TraitsINS0_13SM90_TMA_LOADEJNS0_1CILi2048EEENS0_12AuxTmaParamsINS0_5tupleIJNS0_11ScaledBasisINS5_ILi1EEEJLi2EEEENS9_ISA_JLi1EEEENS9_IiJLi0EEEEEEERKNS0_6LayoutINS8_IJNS5_ILi8EEENS5_ILi16EEESA_EEENS8_IJSB_SC_NS9_ISA_JLi0EEEEEEEEERKNS0_7SwizzleILi0ELi4ELi3EEEEEEEEN7cutlass10bfloat16_tEEEENSF_INS8_IJSA_NS8_IJNS8_IJNS8_IJSG_SH_EEESH_EEEEEEEEENS8_IJNS5_ILi0EEENS8_IJNS8_IJNS8_IJSH_SA_EEENS5_ILi128EEEEEEEEEEEEEENS8_IJSA_SH_S13_EEEEENS1_INS2_IJNS3_IS4_JNS5_ILi512EEENS7_INS8_IJSJ_EEERKNSF_INS8_IJNS5_ILi32EEEEEES1B_EESR_EEEEESV_EEENSF_INS8_IJSA_NS8_IJNS8_IJS1C_SA_EEEEEEEEENS8_IJS11_NS8_IJNS8_IJSA_S11_EEEEEEEEEEES1D_EENS1_INS2_IJNS3_IS4_JS6_NS7_ISK_SN_SR_EEEEESV_EEES17_S18_EES1V_S1V_NS1_INS2_IJNS3_IS4_JNS5_ILi4096EEENS7_INS8_IJSC_SJ_EEERKNSF_INS8_IJS13_SA_EEES1X_EESR_EEEEEfEEENSF_INS8_IJSA_NS8_IJS1Y_EEEEEES1P_EENS8_IJSA_S13_EEEEENS1_IS1U_NSF_INS8_IJSA_NS8_IJNS8_IJSX_NS5_ILi2EEEEEEEEEEEES16_EENS8_IJSA_SH_SH_EEEEES2G_NS1_INS2_IJNS3_IS4_JNS5_ILi16384EEENS7_ISK_RKNSF_INS8_IJSG_S13_SA_EEESK_EESR_EEEEESV_EEENSF_INS8_IJSA_NS8_IJNS8_IJNS8_IJSG_S13_EEESH_EEEEEEEEENS8_IJS11_NS8_IJNS8_IJS1Y_NS5_ILi1024EEEEEEEEEEEEEENS8_IJSA_S13_S13_EEEEENS1_INS2_IJNS3_IS4_JNS5_ILi32768EEENS7_ISK_S2L_RKNSO_ILi1ELi4ELi3EEEEEEEEfEEES2X_S2Y_EENS1_INS2_IJNS3_INS0_14SM90_TMA_STOREEJS2H_S2M_EEESV_EEES2X_S2Y_EENS1_INS2_IJNS3_IS38_JS6_SS_EEESV_EEES17_S18_EELi16ELi128ELi3ELi2ELi192ELb1ELb1ELb0ELb0ELb1EEvT_T0_T1_T2_T3_T4_T5_T6_T7_T8_T9_T10_PSV_iiiiPKliPj22K1WorkspaceRawPointers' for 'sm_103a'
DEBUG ptxas info    : Function properties for _Z30_flash_kda_fwd_recurrence_bf16IN4cute9TiledCopyINS0_9Copy_AtomIJNS0_11Copy_TraitsINS0_13SM90_TMA_LOADEJNS0_1CILi2048EEENS0_12AuxTmaParamsINS0_5tupleIJNS0_11ScaledBasisINS5_ILi1EEEJLi2EEEENS9_ISA_JLi1EEEENS9_IiJLi0EEEEEEERKNS0_6LayoutINS8_IJNS5_ILi8EEENS5_ILi16EEESA_EEENS8_IJSB_SC_NS9_ISA_JLi0EEEEEEEEERKNS0_7SwizzleILi0ELi4ELi3EEEEEEEEN7cutlass10bfloat16_tEEEENSF_INS8_IJSA_NS8_IJNS8_IJNS8_IJSG_SH_EEESH_EEEEEEEEENS8_IJNS5_ILi0EEENS8_IJNS8_IJNS8_IJSH_SA_EEENS5_ILi128EEEEEEEEEEEEEENS8_IJSA_SH_S13_EEEEENS1_INS2_IJNS3_IS4_JNS5_ILi512EEENS7_INS8_IJSJ_EEERKNSF_INS8_IJNS5_ILi32EEEEEES1B_EESR_EEEEESV_EEENSF_INS8_IJSA_NS8_IJNS8_IJS1C_SA_EEEEEEEEENS8_IJS11_NS8_IJNS8_IJSA_S11_EEEEEEEEEEES1D_EENS1_INS2_IJNS3_IS4_JS6_NS7_ISK_SN_SR_EEEEESV_EEES17_S18_EES1V_S1V_NS1_INS2_IJNS3_IS4_JNS5_ILi4096EEENS7_INS8_IJSC_SJ_EEERKNSF_INS8_IJS13_SA_EEES1X_EESR_EEEEEfEEENSF_INS8_IJSA_NS8_IJS1Y_EEEEEES1P_EENS8_IJSA_S13_EEEEENS1_IS1U_NSF_INS8_IJSA_NS8_IJNS8_IJSX_NS5_ILi2EEEEEEEEEEEES16_EENS8_IJSA_SH_SH_EEEEES2G_NS1_INS2_IJNS3_IS4_JNS5_ILi16384EEENS7_ISK_RKNSF_INS8_IJSG_S13_SA_EEESK_EESR_EEEEESV_EEENSF_INS8_IJSA_NS8_IJNS8_IJNS8_IJSG_S13_EEESH_EEEEEEEEENS8_IJS11_NS8_IJNS8_IJS1Y_NS5_ILi1024EEEEEEEEEEEEEENS8_IJSA_S13_S13_EEEEENS1_INS2_IJNS3_IS4_JNS5_ILi32768EEENS7_ISK_S2L_RKNSO_ILi1ELi4ELi3EEEEEEEEfEEES2X_S2Y_EENS1_INS2_IJNS3_INS0_14SM90_TMA_STOREEJS2H_S2M_EEESV_EEES2X_S2Y_EENS1_INS2_IJNS3_IS38_JS6_SS_EEESV_EEES17_S18_EELi16ELi128ELi3ELi2ELi192ELb1ELb1ELb0ELb0ELb1EEvT_T0_T1_T2_T3_T4_T5_T6_T7_T8_T9_T10_PSV_iiiiPKliPj22K1WorkspaceRawPointers
DEBUG     0 bytes stack frame, 0 bytes spill stores, 0 bytes spill loads
DEBUG ptxas info    : Used 166 registers, used 9 barriers
DEBUG ptxas info    : Compile time = 92.044 ms
DEBUG ptxas info    : Compiling entry function '_Z22_flash_kda_fwd_prepareIN4cute9TiledCopyINS0_9Copy_AtomIJNS0_11Copy_TraitsINS0_13SM90_TMA_LOADEJNS0_1CILi32768EEENS0_12AuxTmaParamsINS0_5tupleIJNS0_11ScaledBasisINS5_ILi1EEEJLi2EEEENS9_ISA_JLi1EEEENS9_IiJLi0EEEEEEERKNS0_6LayoutINS8_IJNS5_ILi128EEENS5_ILi16EEESA_EEENS8_IJSB_SC_NS9_ISA_JLi0EEEEEEEEERKNS0_7SwizzleILi0ELi4ELi3EEEEEEEEN7cutlass10bfloat16_tEEEENSF_INS8_IJSA_NS8_IJNS8_IJNS8_IJSG_SH_EEESA_EEEEEEEEENS8_IJNS5_ILi0EEENS8_IJNS8_IJNS8_IJSH_SA_EEES11_EEEEEEEEEEENS8_IJSA_SH_SG_EEEEES18_NS1_INS2_IJNS3_IS4_JNS5_ILi512EEENS7_INS8_IJSJ_EEERKNSF_INS8_IJNS5_ILi32EEEEEES1A_EESR_EEEEESV_EEENSF_INS8_IJSA_NS8_IJNS8_IJS1B_SA_EEEEEEEEENS8_IJS11_NS8_IJNS8_IJSA_S11_EEEEEEEEEEES1C_EES18_NS1_INS2_IJNS3_IS4_JNS5_ILi4096EEENS7_INS8_IJSC_SJ_EEERKNSF_INS8_IJSG_SA_EEES1S_EESR_EEEEEfEEENSF_INS8_IJSA_NS8_IJS1T_EEEEEES1O_EENS8_IJSA_SG_EEEEENS1_INS2_IJNS3_INS0_14SM90_TMA_STOREEJNS5_ILi2048EEENS7_ISK_RKNSF_INS8_IJNS5_ILi8EEESH_SA_EEESK_EESR_EEEEESV_EEENSF_INS8_IJSA_NS8_IJNS8_IJNS8_IJS27_SH_EEESH_EEEEEEEEENS8_IJS11_NS8_IJNS8_IJS12_SG_EEEEEEEEEEES17_EES2N_S2N_NS1_INS2_IJNS3_IS25_JS1R_S1X_EEEfEEES22_S23_EENS1_IS2E_NSF_INS8_IJSA_NS8_IJNS8_IJS2F_NS5_ILi2EEEEEEEEEEEES2L_EENS8_IJSA_SH_SH_EEEEES2X_Li16ELi128ELi256ELb0ELb0ELb0EEvT_T0_T1_T2_T3_T4_T5_T6_T7_T8_T9_fiiiPKliPKffPKiS3E_Pj22K1WorkspaceRawPointers' for 'sm_103a'
DEBUG ptxas info    : Function properties for _Z22_flash_kda_fwd_prepareIN4cute9TiledCopyINS0_9Copy_AtomIJNS0_11Copy_TraitsINS0_13SM90_TMA_LOADEJNS0_1CILi32768EEENS0_12AuxTmaParamsINS0_5tupleIJNS0_11ScaledBasisINS5_ILi1EEEJLi2EEEENS9_ISA_JLi1EEEENS9_IiJLi0EEEEEEERKNS0_6LayoutINS8_IJNS5_ILi128EEENS5_ILi16EEESA_EEENS8_IJSB_SC_NS9_ISA_JLi0EEEEEEEEERKNS0_7SwizzleILi0ELi4ELi3EEEEEEEEN7cutlass10bfloat16_tEEEENSF_INS8_IJSA_NS8_IJNS8_IJNS8_IJSG_SH_EEESA_EEEEEEEEENS8_IJNS5_ILi0EEENS8_IJNS8_IJNS8_IJSH_SA_EEES11_EEEEEEEEEEENS8_IJSA_SH_SG_EEEEES18_NS1_INS2_IJNS3_IS4_JNS5_ILi512EEENS7_INS8_IJSJ_EEERKNSF_INS8_IJNS5_ILi32EEEEEES1A_EESR_EEEEESV_EEENSF_INS8_IJSA_NS8_IJNS8_IJS1B_SA_EEEEEEEEENS8_IJS11_NS8_IJNS8_IJSA_S11_EEEEEEEEEEES1C_EES18_NS1_INS2_IJNS3_IS4_JNS5_ILi4096EEENS7_INS8_IJSC_SJ_EEERKNSF_INS8_IJSG_SA_EEES1S_EESR_EEEEEfEEENSF_INS8_IJSA_NS8_IJS1T_EEEEEES1O_EENS8_IJSA_SG_EEEEENS1_INS2_IJNS3_INS0_14SM90_TMA_STOREEJNS5_ILi2048EEENS7_ISK_RKNSF_INS8_IJNS5_ILi8EEESH_SA_EEESK_EESR_EEEEESV_EEENSF_INS8_IJSA_NS8_IJNS8_IJNS8_IJS27_SH_EEESH_EEEEEEEEENS8_IJS11_NS8_IJNS8_IJS12_SG_EEEEEEEEEEES17_EES2N_S2N_NS1_INS2_IJNS3_IS25_JS1R_S1X_EEEfEEES22_S23_EENS1_IS2E_NSF_INS8_IJSA_NS8_IJNS8_IJS2F_NS5_ILi2EEEEEEEEEEEES2L_EENS8_IJSA_SH_SH_EEEEES2X_Li16ELi128ELi256ELb0ELb0ELb0EEvT_T0_T1_T2_T3_T4_T5_T6_T7_T8_T9_fiiiPKliPKffPKiS3E_Pj22K1WorkspaceRawPointers
DEBUG     0 bytes stack frame, 0 bytes spill stores, 0 bytes spill loads
DEBUG ptxas info    : Used 32 registers, used 1 barriers
DEBUG ptxas info    : Compile time = 24.153 ms
DEBUG ptxas info    : Compiling entry function '_Z25_flash_kda_fwd_recurrenceIN4cute9TiledCopyINS0_9Copy_AtomIJNS0_11Copy_TraitsINS0_13SM90_TMA_LOADEJNS0_1CILi2048EEENS0_12AuxTmaParamsINS0_5tupleIJNS0_11ScaledBasisINS5_ILi1EEEJLi2EEEENS9_ISA_JLi1EEEENS9_IiJLi0EEEEEEERKNS0_6LayoutINS8_IJNS5_ILi8EEENS5_ILi16EEESA_EEENS8_IJSB_SC_NS9_ISA_JLi0EEEEEEEEERKNS0_7SwizzleILi0ELi4ELi3EEEEEEEEN7cutlass10bfloat16_tEEEENSF_INS8_IJSA_NS8_IJNS8_IJNS8_IJSG_SH_EEESH_EEEEEEEEENS8_IJNS5_ILi0EEENS8_IJNS8_IJNS8_IJSH_SA_EEENS5_ILi128EEEEEEEEEEEEEENS8_IJSA_SH_S13_EEEEENS1_INS2_IJNS3_IS4_JNS5_ILi512EEENS7_INS8_IJSJ_EEERKNSF_INS8_IJNS5_ILi32EEEEEES1B_EESR_EEEEESV_EEENSF_INS8_IJSA_NS8_IJNS8_IJS1C_SA_EEEEEEEEENS8_IJS11_NS8_IJNS8_IJSA_S11_EEEEEEEEEEES1D_EENS1_INS2_IJNS3_IS4_JS6_NS7_ISK_SN_SR_EEEEESV_EEES17_S18_EES1V_S1V_NS1_INS2_IJNS3_IS4_JNS5_ILi4096EEENS7_INS8_IJSC_SJ_EEERKNSF_INS8_IJS13_SA_EEES1X_EESR_EEEEEfEEENSF_INS8_IJSA_NS8_IJS1Y_EEEEEES1P_EENS8_IJSA_S13_EEEEENS1_IS1U_NSF_INS8_IJSA_NS8_IJNS8_IJSX_NS5_ILi2EEEEEEEEEEEES16_EENS8_IJSA_SH_SH_EEEEES2G_NS1_INS2_IJNS3_IS4_JNS5_ILi32768EEENS7_ISK_RKNSF_INS8_IJSG_S13_SA_EEESK_EERKNSO_ILi1ELi4ELi3EEEEEEEEfEEENSF_INS8_IJSA_NS8_IJNS8_IJNS8_IJSG_S13_EEESH_EEEEEEEEENS8_IJS11_NS8_IJNS8_IJS1Y_NS5_ILi1024EEEEEEEEEEEEEENS8_IJSA_S13_S13_EEEEENS1_INS2_IJNS3_INS0_14SM90_TMA_STOREEJS2H_S2P_EEEfEEES30_S31_EENS1_INS2_IJNS3_IS33_JS6_SS_EEESV_EEES17_S18_EELi16ELi128ELi3ELi2ELi192ELb1ELb0ELb1ELb1EEvT_T0_T1_T2_T3_T4_T5_T6_T7_T8_T9_PSV_iiiiPKliPj22K1WorkspaceRawPointers' for 'sm_103a'
DEBUG ptxas info    : Function properties for _Z25_flash_kda_fwd_recurrenceIN4cute9TiledCopyINS0_9Copy_AtomIJNS0_11Copy_TraitsINS0_13SM90_TMA_LOADEJNS0_1CILi2048EEENS0_12AuxTmaParamsINS0_5tupleIJNS0_11ScaledBasisINS5_ILi1EEEJLi2EEEENS9_ISA_JLi1EEEENS9_IiJLi0EEEEEEERKNS0_6LayoutINS8_IJNS5_ILi8EEENS5_ILi16EEESA_EEENS8_IJSB_SC_NS9_ISA_JLi0EEEEEEEEERKNS0_7SwizzleILi0ELi4ELi3EEEEEEEEN7cutlass10bfloat16_tEEEENSF_INS8_IJSA_NS8_IJNS8_IJNS8_IJSG_SH_EEESH_EEEEEEEEENS8_IJNS5_ILi0EEENS8_IJNS8_IJNS8_IJSH_SA_EEENS5_ILi128EEEEEEEEEEEEEENS8_IJSA_SH_S13_EEEEENS1_INS2_IJNS3_IS4_JNS5_ILi512EEENS7_INS8_IJSJ_EEERKNSF_INS8_IJNS5_ILi32EEEEEES1B_EESR_EEEEESV_EEENSF_INS8_IJSA_NS8_IJNS8_IJS1C_SA_EEEEEEEEENS8_IJS11_NS8_IJNS8_IJSA_S11_EEEEEEEEEEES1D_EENS1_INS2_IJNS3_IS4_JS6_NS7_ISK_SN_SR_EEEEESV_EEES17_S18_EES1V_S1V_NS1_INS2_IJNS3_IS4_JNS5_ILi4096EEENS7_INS8_IJSC_SJ_EEERKNSF_INS8_IJS13_SA_EEES1X_EESR_EEEEEfEEENSF_INS8_IJSA_NS8_IJS1Y_EEEEEES1P_EENS8_IJSA_S13_EEEEENS1_IS1U_NSF_INS8_IJSA_NS8_IJNS8_IJSX_NS5_ILi2EEEEEEEEEEEES16_EENS8_IJSA_SH_SH_EEEEES2G_NS1_INS2_IJNS3_IS4_JNS5_ILi32768EEENS7_ISK_RKNSF_INS8_IJSG_S13_SA_EEESK_EERKNSO_ILi1ELi4ELi3EEEEEEEEfEEENSF_INS8_IJSA_NS8_IJNS8_IJNS8_IJSG_S13_EEESH_EEEEEEEEENS8_IJS11_NS8_IJNS8_IJS1Y_NS5_ILi1024EEEEEEEEEEEEEENS8_IJSA_S13_S13_EEEEENS1_INS2_IJNS3_INS0_14SM90_TMA_STOREEJS2H_S2P_EEEfEEES30_S31_EENS1_INS2_IJNS3_IS33_JS6_SS_EEESV_EEES17_S18_EELi16ELi128ELi3ELi2ELi192ELb1ELb0ELb1ELb1EEvT_T0_T1_T2_T3_T4_T5_T6_T7_T8_T9_PSV_iiiiPKliPj22K1WorkspaceRawPointers
DEBUG     0 bytes stack frame, 0 bytes spill stores, 0 bytes spill loads
DEBUG ptxas info    : Used 110 registers, used 9 barriers
DEBUG ptxas info    : Compile time = 89.375 ms
DEBUG ptxas info    : Compiling entry function '_Z25_flash_kda_fwd_recurrenceIN4cute9TiledCopyINS0_9Copy_AtomIJNS0_11Copy_TraitsINS0_13SM90_TMA_LOADEJNS0_1CILi2048EEENS0_12AuxTmaParamsINS0_5tupleIJNS0_11ScaledBasisINS5_ILi1EEEJLi2EEEENS9_ISA_JLi1EEEENS9_IiJLi0EEEEEEERKNS0_6LayoutINS8_IJNS5_ILi8EEENS5_ILi16EEESA_EEENS8_IJSB_SC_NS9_ISA_JLi0EEEEEEEEERKNS0_7SwizzleILi0ELi4ELi3EEEEEEEEN7cutlass10bfloat16_tEEEENSF_INS8_IJSA_NS8_IJNS8_IJNS8_IJSG_SH_EEESH_EEEEEEEEENS8_IJNS5_ILi0EEENS8_IJNS8_IJNS8_IJSH_SA_EEENS5_ILi128EEEEEEEEEEEEEENS8_IJSA_SH_S13_EEEEENS1_INS2_IJNS3_IS4_JNS5_ILi512EEENS7_INS8_IJSJ_EEERKNSF_INS8_IJNS5_ILi32EEEEEES1B_EESR_EEEEESV_EEENSF_INS8_IJSA_NS8_IJNS8_IJS1C_SA_EEEEEEEEENS8_IJS11_NS8_IJNS8_IJSA_S11_EEEEEEEEEEES1D_EENS1_INS2_IJNS3_IS4_JS6_NS7_ISK_SN_SR_EEEEESV_EEES17_S18_EES1V_S1V_NS1_INS2_IJNS3_IS4_JNS5_ILi4096EEENS7_INS8_IJSC_SJ_EEERKNSF_INS8_IJS13_SA_EEES1X_EESR_EEEEEfEEENSF_INS8_IJSA_NS8_IJS1Y_EEEEEES1P_EENS8_IJSA_S13_EEEEENS1_IS1U_NSF_INS8_IJSA_NS8_IJNS8_IJSX_NS5_ILi2EEEEEEEEEEEES16_EENS8_IJSA_SH_SH_EEEEES2G_NS1_INS2_IJNS3_IS4_JNS5_ILi32768EEENS7_ISK_RKNSF_INS8_IJSG_S13_SA_EEESK_EERKNSO_ILi1ELi4ELi3EEEEEEEEfEEENSF_INS8_IJSA_NS8_IJNS8_IJNS8_IJSG_S13_EEESH_EEEEEEEEENS8_IJS11_NS8_IJNS8_IJS1Y_NS5_ILi1024EEEEEEEEEEEEEENS8_IJSA_S13_S13_EEEEENS1_INS2_IJNS3_INS0_14SM90_TMA_STOREEJS2H_S2P_EEEfEEES30_S31_EENS1_INS2_IJNS3_IS33_JS6_SS_EEESV_EEES17_S18_EELi16ELi128ELi3ELi2ELi192ELb0ELb1ELb1ELb1EEvT_T0_T1_T2_T3_T4_T5_T6_T7_T8_T9_PSV_iiiiPKliPj22K1WorkspaceRawPointers' for 'sm_103a'
DEBUG ptxas info    : Function properties for _Z25_flash_kda_fwd_recurrenceIN4cute9TiledCopyINS0_9Copy_AtomIJNS0_11Copy_TraitsINS0_13SM90_TMA_LOADEJNS0_1CILi2048EEENS0_12AuxTmaParamsINS0_5tupleIJNS0_11ScaledBasisINS5_ILi1EEEJLi2EEEENS9_ISA_JLi1EEEENS9_IiJLi0EEEEEEERKNS0_6LayoutINS8_IJNS5_ILi8EEENS5_ILi16EEESA_EEENS8_IJSB_SC_NS9_ISA_JLi0EEEEEEEEERKNS0_7SwizzleILi0ELi4ELi3EEEEEEEEN7cutlass10bfloat16_tEEEENSF_INS8_IJSA_NS8_IJNS8_IJNS8_IJSG_SH_EEESH_EEEEEEEEENS8_IJNS5_ILi0EEENS8_IJNS8_IJNS8_IJSH_SA_EEENS5_ILi128EEEEEEEEEEEEEENS8_IJSA_SH_S13_EEEEENS1_INS2_IJNS3_IS4_JNS5_ILi512EEENS7_INS8_IJSJ_EEERKNSF_INS8_IJNS5_ILi32EEEEEES1B_EESR_EEEEESV_EEENSF_INS8_IJSA_NS8_IJNS8_IJS1C_SA_EEEEEEEEENS8_IJS11_NS8_IJNS8_IJSA_S11_EEEEEEEEEEES1D_EENS1_INS2_IJNS3_IS4_JS6_NS7_ISK_SN_SR_EEEEESV_EEES17_S18_EES1V_S1V_NS1_INS2_IJNS3_IS4_JNS5_ILi4096EEENS7_INS8_IJSC_SJ_EEERKNSF_INS8_IJS13_SA_EEES1X_EESR_EEEEEfEEENSF_INS8_IJSA_NS8_IJS1Y_EEEEEES1P_EENS8_IJSA_S13_EEEEENS1_IS1U_NSF_INS8_IJSA_NS8_IJNS8_IJSX_NS5_ILi2EEEEEEEEEEEES16_EENS8_IJSA_SH_SH_EEEEES2G_NS1_INS2_IJNS3_IS4_JNS5_ILi32768EEENS7_ISK_RKNSF_INS8_IJSG_S13_SA_EEESK_EERKNSO_ILi1ELi4ELi3EEEEEEEEfEEENSF_INS8_IJSA_NS8_IJNS8_IJNS8_IJSG_S13_EEESH_EEEEEEEEENS8_IJS11_NS8_IJNS8_IJS1Y_NS5_ILi1024EEEEEEEEEEEEEENS8_IJSA_S13_S13_EEEEENS1_INS2_IJNS3_INS0_14SM90_TMA_STOREEJS2H_S2P_EEEfEEES30_S31_EENS1_INS2_IJNS3_IS33_JS6_SS_EEESV_EEES17_S18_EELi16ELi128ELi3ELi2ELi192ELb0ELb1ELb1ELb1EEvT_T0_T1_T2_T3_T4_T5_T6_T7_T8_T9_PSV_iiiiPKliPj22K1WorkspaceRawPointers
DEBUG     0 bytes stack frame, 0 bytes spill stores, 0 bytes spill loads
DEBUG ptxas info    : Used 110 registers, used 9 barriers
DEBUG ptxas info    : Compile time = 92.402 ms
DEBUG ptxas info    : Compiling entry function '_Z37_flash_kda_fwd_recurrence_bf16_sharedIN4cute9TiledCopyINS0_9Copy_AtomIJNS0_11Copy_TraitsINS0_13SM90_TMA_LOADEJNS0_1CILi2048EEENS0_12AuxTmaParamsINS0_5tupleIJNS0_11ScaledBasisINS5_ILi1EEEJLi2EEEENS9_ISA_JLi1EEEENS9_IiJLi0EEEEEEERKNS0_6LayoutINS8_IJNS5_ILi8EEENS5_ILi16EEESA_EEENS8_IJSB_SC_NS9_ISA_JLi0EEEEEEEEERKNS0_7SwizzleILi0ELi4ELi3EEEEEEEEN7cutlass10bfloat16_tEEEENSF_INS8_IJSA_NS8_IJNS8_IJNS8_IJSG_SH_EEESH_EEEEEEEEENS8_IJNS5_ILi0EEENS8_IJNS8_IJNS8_IJSH_SA_EEENS5_ILi128EEEEEEEEEEEEEENS8_IJSA_SH_S13_EEEEENS1_INS2_IJNS3_IS4_JNS5_ILi512EEENS7_INS8_IJSJ_EEERKNSF_INS8_IJNS5_ILi32EEEEEES1B_EESR_EEEEESV_EEENSF_INS8_IJSA_NS8_IJNS8_IJS1C_SA_EEEEEEEEENS8_IJS11_NS8_IJNS8_IJSA_S11_EEEEEEEEEEES1D_EENS1_INS2_IJNS3_IS4_JS6_NS7_ISK_SN_SR_EEEEESV_EEES17_S18_EES1V_S1V_NS1_INS2_IJNS3_IS4_JNS5_ILi4096EEENS7_INS8_IJSC_SJ_EEERKNSF_INS8_IJS13_SA_EEES1X_EESR_EEEEEfEEENSF_INS8_IJSA_NS8_IJS1Y_EEEEEES1P_EENS8_IJSA_S13_EEEEENS1_IS1U_NSF_INS8_IJSA_NS8_IJNS8_IJSX_NS5_ILi2EEEEEEEEEEEES16_EENS8_IJSA_SH_SH_EEEEES2G_NS1_INS2_IJNS3_IS4_JNS5_ILi16384EEENS7_ISK_RKNSF_INS8_IJSG_S13_SA_EEESK_EESR_EEEEESV_EEENSF_INS8_IJSA_NS8_IJNS8_IJNS8_IJSG_S13_EEESH_EEEEEEEEENS8_IJS11_NS8_IJNS8_IJS1Y_NS5_ILi1024EEEEEEEEEEEEEENS8_IJSA_S13_S13_EEEEENS1_INS2_IJNS3_INS0_14SM90_TMA_STOREEJS2H_S2M_EEESV_EEES2X_S2Y_EENS1_INS2_IJNS3_IS30_JS6_SS_EEESV_EEES17_S18_EELi16ELi128ELi3ELi2ELi192ELb1ELb0ELb0ELb1EEvT_T0_T1_T2_T3_T4_T5_T6_T7_T8_T9_PSV_iiiiPKliPj22K1WorkspaceRawPointers' for 'sm_103a'
DEBUG ptxas info    : Function properties for _Z37_flash_kda_fwd_recurrence_bf16_sharedIN4cute9TiledCopyINS0_9Copy_AtomIJNS0_11Copy_TraitsINS0_13SM90_TMA_LOADEJNS0_1CILi2048EEENS0_12AuxTmaParamsINS0_5tupleIJNS0_11ScaledBasisINS5_ILi1EEEJLi2EEEENS9_ISA_JLi1EEEENS9_IiJLi0EEEEEEERKNS0_6LayoutINS8_IJNS5_ILi8EEENS5_ILi16EEESA_EEENS8_IJSB_SC_NS9_ISA_JLi0EEEEEEEEERKNS0_7SwizzleILi0ELi4ELi3EEEEEEEEN7cutlass10bfloat16_tEEEENSF_INS8_IJSA_NS8_IJNS8_IJNS8_IJSG_SH_EEESH_EEEEEEEEENS8_IJNS5_ILi0EEENS8_IJNS8_IJNS8_IJSH_SA_EEENS5_ILi128EEEEEEEEEEEEEENS8_IJSA_SH_S13_EEEEENS1_INS2_IJNS3_IS4_JNS5_ILi512EEENS7_INS8_IJSJ_EEERKNSF_INS8_IJNS5_ILi32EEEEEES1B_EESR_EEEEESV_EEENSF_INS8_IJSA_NS8_IJNS8_IJS1C_SA_EEEEEEEEENS8_IJS11_NS8_IJNS8_IJSA_S11_EEEEEEEEEEES1D_EENS1_INS2_IJNS3_IS4_JS6_NS7_ISK_SN_SR_EEEEESV_EEES17_S18_EES1V_S1V_NS1_INS2_IJNS3_IS4_JNS5_ILi4096EEENS7_INS8_IJSC_SJ_EEERKNSF_INS8_IJS13_SA_EEES1X_EESR_EEEEEfEEENSF_INS8_IJSA_NS8_IJS1Y_EEEEEES1P_EENS8_IJSA_S13_EEEEENS1_IS1U_NSF_INS8_IJSA_NS8_IJNS8_IJSX_NS5_ILi2EEEEEEEEEEEES16_EENS8_IJSA_SH_SH_EEEEES2G_NS1_INS2_IJNS3_IS4_JNS5_ILi16384EEENS7_ISK_RKNSF_INS8_IJSG_S13_SA_EEESK_EESR_EEEEESV_EEENSF_INS8_IJSA_NS8_IJNS8_IJNS8_IJSG_S13_EEESH_EEEEEEEEENS8_IJS11_NS8_IJNS8_IJS1Y_NS5_ILi1024EEEEEEEEEEEEEENS8_IJSA_S13_S13_EEEEENS1_INS2_IJNS3_INS0_14SM90_TMA_STOREEJS2H_S2M_EEESV_EEES2X_S2Y_EENS1_INS2_IJNS3_IS30_JS6_SS_EEESV_EEES17_S18_EELi16ELi128ELi3ELi2ELi192ELb1ELb0ELb0ELb1EEvT_T0_T1_T2_T3_T4_T5_T6_T7_T8_T9_PSV_iiiiPKliPj22K1WorkspaceRawPointers
DEBUG     0 bytes stack frame, 0 bytes spill stores, 0 bytes spill loads
DEBUG ptxas info    : Used 118 registers, used 9 barriers
DEBUG ptxas info    : Compile time = 84.839 ms
DEBUG ptxas info    : Compiling entry function '_Z37_flash_kda_fwd_recurrence_bf16_sharedIN4cute9TiledCopyINS0_9Copy_AtomIJNS0_11Copy_TraitsINS0_13SM90_TMA_LOADEJNS0_1CILi2048EEENS0_12AuxTmaParamsINS0_5tupleIJNS0_11ScaledBasisINS5_ILi1EEEJLi2EEEENS9_ISA_JLi1EEEENS9_IiJLi0EEEEEEERKNS0_6LayoutINS8_IJNS5_ILi8EEENS5_ILi16EEESA_EEENS8_IJSB_SC_NS9_ISA_JLi0EEEEEEEEERKNS0_7SwizzleILi0ELi4ELi3EEEEEEEEN7cutlass10bfloat16_tEEEENSF_INS8_IJSA_NS8_IJNS8_IJNS8_IJSG_SH_EEESH_EEEEEEEEENS8_IJNS5_ILi0EEENS8_IJNS8_IJNS8_IJSH_SA_EEENS5_ILi128EEEEEEEEEEEEEENS8_IJSA_SH_S13_EEEEENS1_INS2_IJNS3_IS4_JNS5_ILi512EEENS7_INS8_IJSJ_EEERKNSF_INS8_IJNS5_ILi32EEEEEES1B_EESR_EEEEESV_EEENSF_INS8_IJSA_NS8_IJNS8_IJS1C_SA_EEEEEEEEENS8_IJS11_NS8_IJNS8_IJSA_S11_EEEEEEEEEEES1D_EENS1_INS2_IJNS3_IS4_JS6_NS7_ISK_SN_SR_EEEEESV_EEES17_S18_EES1V_S1V_NS1_INS2_IJNS3_IS4_JNS5_ILi4096EEENS7_INS8_IJSC_SJ_EEERKNSF_INS8_IJS13_SA_EEES1X_EESR_EEEEEfEEENSF_INS8_IJSA_NS8_IJS1Y_EEEEEES1P_EENS8_IJSA_S13_EEEEENS1_IS1U_NSF_INS8_IJSA_NS8_IJNS8_IJSX_NS5_ILi2EEEEEEEEEEEES16_EENS8_IJSA_SH_SH_EEEEES2G_NS1_INS2_IJNS3_IS4_JNS5_ILi16384EEENS7_ISK_RKNSF_INS8_IJSG_S13_SA_EEESK_EESR_EEEEESV_EEENSF_INS8_IJSA_NS8_IJNS8_IJNS8_IJSG_S13_EEESH_EEEEEEEEENS8_IJS11_NS8_IJNS8_IJS1Y_NS5_ILi1024EEEEEEEEEEEEEENS8_IJSA_S13_S13_EEEEENS1_INS2_IJNS3_INS0_14SM90_TMA_STOREEJS2H_S2M_EEESV_EEES2X_S2Y_EENS1_INS2_IJNS3_IS30_JS6_SS_EEESV_EEES17_S18_EELi16ELi128ELi3ELi2ELi192ELb0ELb1ELb0ELb1EEvT_T0_T1_T2_T3_T4_T5_T6_T7_T8_T9_PSV_iiiiPKliPj22K1WorkspaceRawPointers' for 'sm_103a'
DEBUG ptxas info    : Function properties for _Z37_flash_kda_fwd_recurrence_bf16_sharedIN4cute9TiledCopyINS0_9Copy_AtomIJNS0_11Copy_TraitsINS0_13SM90_TMA_LOADEJNS0_1CILi2048EEENS0_12AuxTmaParamsINS0_5tupleIJNS0_11ScaledBasisINS5_ILi1EEEJLi2EEEENS9_ISA_JLi1EEEENS9_IiJLi0EEEEEEERKNS0_6LayoutINS8_IJNS5_ILi8EEENS5_ILi16EEESA_EEENS8_IJSB_SC_NS9_ISA_JLi0EEEEEEEEERKNS0_7SwizzleILi0ELi4ELi3EEEEEEEEN7cutlass10bfloat16_tEEEENSF_INS8_IJSA_NS8_IJNS8_IJNS8_IJSG_SH_EEESH_EEEEEEEEENS8_IJNS5_ILi0EEENS8_IJNS8_IJNS8_IJSH_SA_EEENS5_ILi128EEEEEEEEEEEEEENS8_IJSA_SH_S13_EEEEENS1_INS2_IJNS3_IS4_JNS5_ILi512EEENS7_INS8_IJSJ_EEERKNSF_INS8_IJNS5_ILi32EEEEEES1B_EESR_EEEEESV_EEENSF_INS8_IJSA_NS8_IJNS8_IJS1C_SA_EEEEEEEEENS8_IJS11_NS8_IJNS8_IJSA_S11_EEEEEEEEEEES1D_EENS1_INS2_IJNS3_IS4_JS6_NS7_ISK_SN_SR_EEEEESV_EEES17_S18_EES1V_S1V_NS1_INS2_IJNS3_IS4_JNS5_ILi4096EEENS7_INS8_IJSC_SJ_EEERKNSF_INS8_IJS13_SA_EEES1X_EESR_EEEEEfEEENSF_INS8_IJSA_NS8_IJS1Y_EEEEEES1P_EENS8_IJSA_S13_EEEEENS1_IS1U_NSF_INS8_IJSA_NS8_IJNS8_IJSX_NS5_ILi2EEEEEEEEEEEES16_EENS8_IJSA_SH_SH_EEEEES2G_NS1_INS2_IJNS3_IS4_JNS5_ILi16384EEENS7_ISK_RKNSF_INS8_IJSG_S13_SA_EEESK_EESR_EEEEESV_EEENSF_INS8_IJSA_NS8_IJNS8_IJNS8_IJSG_S13_EEESH_EEEEEEEEENS8_IJS11_NS8_IJNS8_IJS1Y_NS5_ILi1024EEEEEEEEEEEEEENS8_IJSA_S13_S13_EEEEENS1_INS2_IJNS3_INS0_14SM90_TMA_STOREEJS2H_S2M_EEESV_EEES2X_S2Y_EENS1_INS2_IJNS3_IS30_JS6_SS_EEESV_EEES17_S18_EELi16ELi128ELi3ELi2ELi192ELb0ELb1ELb0ELb1EEvT_T0_T1_T2_T3_T4_T5_T6_T7_T8_T9_PSV_iiiiPKliPj22K1WorkspaceRawPointers
DEBUG     0 bytes stack frame, 0 bytes spill stores, 0 bytes spill loads
DEBUG ptxas info    : Used 118 registers, used 9 barriers
DEBUG ptxas info    : Compile time = 86.923 ms
DEBUG ptxas info    : Compiling entry function '_Z37_flash_kda_fwd_recurrence_bf16_sharedIN4cute9TiledCopyINS0_9Copy_AtomIJNS0_11Copy_TraitsINS0_13SM90_TMA_LOADEJNS0_1CILi2048EEENS0_12AuxTmaParamsINS0_5tupleIJNS0_11ScaledBasisINS5_ILi1EEEJLi2EEEENS9_ISA_JLi1EEEENS9_IiJLi0EEEEEEERKNS0_6LayoutINS8_IJNS5_ILi8EEENS5_ILi16EEESA_EEENS8_IJSB_SC_NS9_ISA_JLi0EEEEEEEEERKNS0_7SwizzleILi0ELi4ELi3EEEEEEEEN7cutlass10bfloat16_tEEEENSF_INS8_IJSA_NS8_IJNS8_IJNS8_IJSG_SH_EEESH_EEEEEEEEENS8_IJNS5_ILi0EEENS8_IJNS8_IJNS8_IJSH_SA_EEENS5_ILi128EEEEEEEEEEEEEENS8_IJSA_SH_S13_EEEEENS1_INS2_IJNS3_IS4_JNS5_ILi512EEENS7_INS8_IJSJ_EEERKNSF_INS8_IJNS5_ILi32EEEEEES1B_EESR_EEEEESV_EEENSF_INS8_IJSA_NS8_IJNS8_IJS1C_SA_EEEEEEEEENS8_IJS11_NS8_IJNS8_IJSA_S11_EEEEEEEEEEES1D_EENS1_INS2_IJNS3_IS4_JS6_NS7_ISK_SN_SR_EEEEESV_EEES17_S18_EES1V_S1V_NS1_INS2_IJNS3_IS4_JNS5_ILi4096EEENS7_INS8_IJSC_SJ_EEERKNSF_INS8_IJS13_SA_EEES1X_EESR_EEEEEfEEENSF_INS8_IJSA_NS8_IJS1Y_EEEEEES1P_EENS8_IJSA_S13_EEEEENS1_IS1U_NSF_INS8_IJSA_NS8_IJNS8_IJSX_NS5_ILi2EEEEEEEEEEEES16_EENS8_IJSA_SH_SH_EEEEES2G_NS1_INS2_IJNS3_IS4_JNS5_ILi16384EEENS7_ISK_RKNSF_INS8_IJSG_S13_SA_EEESK_EESR_EEEEESV_EEENSF_INS8_IJSA_NS8_IJNS8_IJNS8_IJSG_S13_EEESH_EEEEEEEEENS8_IJS11_NS8_IJNS8_IJS1Y_NS5_ILi1024EEEEEEEEEEEEEENS8_IJSA_S13_S13_EEEEENS1_INS2_IJNS3_INS0_14SM90_TMA_STOREEJS2H_S2M_EEESV_EEES2X_S2Y_EENS1_INS2_IJNS3_IS30_JS6_SS_EEESV_EEES17_S18_EELi16ELi128ELi3ELi2ELi192ELb0ELb0ELb0ELb1EEvT_T0_T1_T2_T3_T4_T5_T6_T7_T8_T9_PSV_iiiiPKliPj22K1WorkspaceRawPointers' for 'sm_103a'
DEBUG ptxas info    : Function properties for _Z37_flash_kda_fwd_recurrence_bf16_sharedIN4cute9TiledCopyINS0_9Copy_AtomIJNS0_11Copy_TraitsINS0_13SM90_TMA_LOADEJNS0_1CILi2048EEENS0_12AuxTmaParamsINS0_5tupleIJNS0_11ScaledBasisINS5_ILi1EEEJLi2EEEENS9_ISA_JLi1EEEENS9_IiJLi0EEEEEEERKNS0_6LayoutINS8_IJNS5_ILi8EEENS5_ILi16EEESA_EEENS8_IJSB_SC_NS9_ISA_JLi0EEEEEEEEERKNS0_7SwizzleILi0ELi4ELi3EEEEEEEEN7cutlass10bfloat16_tEEEENSF_INS8_IJSA_NS8_IJNS8_IJNS8_IJSG_SH_EEESH_EEEEEEEEENS8_IJNS5_ILi0EEENS8_IJNS8_IJNS8_IJSH_SA_EEENS5_ILi128EEEEEEEEEEEEEENS8_IJSA_SH_S13_EEEEENS1_INS2_IJNS3_IS4_JNS5_ILi512EEENS7_INS8_IJSJ_EEERKNSF_INS8_IJNS5_ILi32EEEEEES1B_EESR_EEEEESV_EEENSF_INS8_IJSA_NS8_IJNS8_IJS1C_SA_EEEEEEEEENS8_IJS11_NS8_IJNS8_IJSA_S11_EEEEEEEEEEES1D_EENS1_INS2_IJNS3_IS4_JS6_NS7_ISK_SN_SR_EEEEESV_EEES17_S18_EES1V_S1V_NS1_INS2_IJNS3_IS4_JNS5_ILi4096EEENS7_INS8_IJSC_SJ_EEERKNSF_INS8_IJS13_SA_EEES1X_EESR_EEEEEfEEENSF_INS8_IJSA_NS8_IJS1Y_EEEEEES1P_EENS8_IJSA_S13_EEEEENS1_IS1U_NSF_INS8_IJSA_NS8_IJNS8_IJSX_NS5_ILi2EEEEEEEEEEEES16_EENS8_IJSA_SH_SH_EEEEES2G_NS1_INS2_IJNS3_IS4_JNS5_ILi16384EEENS7_ISK_RKNSF_INS8_IJSG_S13_SA_EEESK_EESR_EEEEESV_EEENSF_INS8_IJSA_NS8_IJNS8_IJNS8_IJSG_S13_EEESH_EEEEEEEEENS8_IJS11_NS8_IJNS8_IJS1Y_NS5_ILi1024EEEEEEEEEEEEEENS8_IJSA_S13_S13_EEEEENS1_INS2_IJNS3_INS0_14SM90_TMA_STOREEJS2H_S2M_EEESV_EEES2X_S2Y_EENS1_INS2_IJNS3_IS30_JS6_SS_EEESV_EEES17_S18_EELi16ELi128ELi3ELi2ELi192ELb0ELb0ELb0ELb1EEvT_T0_T1_T2_T3_T4_T5_T6_T7_T8_T9_PSV_iiiiPKliPj22K1WorkspaceRawPointers
DEBUG     0 bytes stack frame, 0 bytes spill stores, 0 bytes spill loads
DEBUG ptxas info    : Used 118 registers, used 9 barriers
DEBUG ptxas info    : Compile time = 85.889 ms
DEBUG ptxas info    : Compiling entry function '_Z25_flash_kda_fwd_recurrenceIN4cute9TiledCopyINS0_9Copy_AtomIJNS0_11Copy_TraitsINS0_13SM90_TMA_LOADEJNS0_1CILi2048EEENS0_12AuxTmaParamsINS0_5tupleIJNS0_11ScaledBasisINS5_ILi1EEEJLi2EEEENS9_ISA_JLi1EEEENS9_IiJLi0EEEEEEERKNS0_6LayoutINS8_IJNS5_ILi8EEENS5_ILi16EEESA_EEENS8_IJSB_SC_NS9_ISA_JLi0EEEEEEEEERKNS0_7SwizzleILi0ELi4ELi3EEEEEEEEN7cutlass10bfloat16_tEEEENSF_INS8_IJSA_NS8_IJNS8_IJNS8_IJSG_SH_EEESH_EEEEEEEEENS8_IJNS5_ILi0EEENS8_IJNS8_IJNS8_IJSH_SA_EEENS5_ILi128EEEEEEEEEEEEEENS8_IJSA_SH_S13_EEEEENS1_INS2_IJNS3_IS4_JNS5_ILi512EEENS7_INS8_IJSJ_EEERKNSF_INS8_IJNS5_ILi32EEEEEES1B_EESR_EEEEESV_EEENSF_INS8_IJSA_NS8_IJNS8_IJS1C_SA_EEEEEEEEENS8_IJS11_NS8_IJNS8_IJSA_S11_EEEEEEEEEEES1D_EENS1_INS2_IJNS3_IS4_JS6_NS7_ISK_SN_SR_EEEEESV_EEES17_S18_EES1V_S1V_NS1_INS2_IJNS3_IS4_JNS5_ILi4096EEENS7_INS8_IJSC_SJ_EEERKNSF_INS8_IJS13_SA_EEES1X_EESR_EEEEEfEEENSF_INS8_IJSA_NS8_IJS1Y_EEEEEES1P_EENS8_IJSA_S13_EEEEENS1_IS1U_NSF_INS8_IJSA_NS8_IJNS8_IJSX_NS5_ILi2EEEEEEEEEEEES16_EENS8_IJSA_SH_SH_EEEEES2G_NS1_INS2_IJNS3_IS4_JNS5_ILi32768EEENS7_ISK_RKNSF_INS8_IJSG_S13_SA_EEESK_EERKNSO_ILi1ELi4ELi3EEEEEEEEfEEENSF_INS8_IJSA_NS8_IJNS8_IJNS8_IJSG_S13_EEESH_EEEEEEEEENS8_IJS11_NS8_IJNS8_IJS1Y_NS5_ILi1024EEEEEEEEEEEEEENS8_IJSA_S13_S13_EEEEENS1_INS2_IJNS3_INS0_14SM90_TMA_STOREEJS2H_S2P_EEEfEEES30_S31_EENS1_INS2_IJNS3_IS33_JS6_SS_EEESV_EEES17_S18_EELi16ELi128ELi3ELi2ELi192ELb1ELb1ELb1ELb1EEvT_T0_T1_T2_T3_T4_T5_T6_T7_T8_T9_PSV_iiiiPKliPj22K1WorkspaceRawPointers' for 'sm_103a'
DEBUG ptxas info    : Function properties for _Z25_flash_kda_fwd_recurrenceIN4cute9TiledCopyINS0_9Copy_AtomIJNS0_11Copy_TraitsINS0_13SM90_TMA_LOADEJNS0_1CILi2048EEENS0_12AuxTmaParamsINS0_5tupleIJNS0_11ScaledBasisINS5_ILi1EEEJLi2EEEENS9_ISA_JLi1EEEENS9_IiJLi0EEEEEEERKNS0_6LayoutINS8_IJNS5_ILi8EEENS5_ILi16EEESA_EEENS8_IJSB_SC_NS9_ISA_JLi0EEEEEEEEERKNS0_7SwizzleILi0ELi4ELi3EEEEEEEEN7cutlass10bfloat16_tEEEENSF_INS8_IJSA_NS8_IJNS8_IJNS8_IJSG_SH_EEESH_EEEEEEEEENS8_IJNS5_ILi0EEENS8_IJNS8_IJNS8_IJSH_SA_EEENS5_ILi128EEEEEEEEEEEEEENS8_IJSA_SH_S13_EEEEENS1_INS2_IJNS3_IS4_JNS5_ILi512EEENS7_INS8_IJSJ_EEERKNSF_INS8_IJNS5_ILi32EEEEEES1B_EESR_EEEEESV_EEENSF_INS8_IJSA_NS8_IJNS8_IJS1C_SA_EEEEEEEEENS8_IJS11_NS8_IJNS8_IJSA_S11_EEEEEEEEEEES1D_EENS1_INS2_IJNS3_IS4_JS6_NS7_ISK_SN_SR_EEEEESV_EEES17_S18_EES1V_S1V_NS1_INS2_IJNS3_IS4_JNS5_ILi4096EEENS7_INS8_IJSC_SJ_EEERKNSF_INS8_IJS13_SA_EEES1X_EESR_EEEEEfEEENSF_INS8_IJSA_NS8_IJS1Y_EEEEEES1P_EENS8_IJSA_S13_EEEEENS1_IS1U_NSF_INS8_IJSA_NS8_IJNS8_IJSX_NS5_ILi2EEEEEEEEEEEES16_EENS8_IJSA_SH_SH_EEEEES2G_NS1_INS2_IJNS3_IS4_JNS5_ILi32768EEENS7_ISK_RKNSF_INS8_IJSG_S13_SA_EEESK_EERKNSO_ILi1ELi4ELi3EEEEEEEEfEEENSF_INS8_IJSA_NS8_IJNS8_IJNS8_IJSG_S13_EEESH_EEEEEEEEENS8_IJS11_NS8_IJNS8_IJS1Y_NS5_ILi1024EEEEEEEEEEEEEENS8_IJSA_S13_S13_EEEEENS1_INS2_IJNS3_INS0_14SM90_TMA_STOREEJS2H_S2P_EEEfEEES30_S31_EENS1_INS2_IJNS3_IS33_JS6_SS_EEESV_EEES17_S18_EELi16ELi128ELi3ELi2ELi192ELb1ELb1ELb1ELb1EEvT_T0_T1_T2_T3_T4_T5_T6_T7_T8_T9_PSV_iiiiPKliPj22K1WorkspaceRawPointers
DEBUG     0 bytes stack frame, 0 bytes spill stores, 0 bytes spill loads
DEBUG ptxas info    : Used 118 registers, used 9 barriers
DEBUG ptxas info    : Compile time = 99.269 ms
DEBUG ptxas info    : Compiling entry function '_Z30_flash_kda_fwd_recurrence_bf16IN4cute9TiledCopyINS0_9Copy_AtomIJNS0_11Copy_TraitsINS0_13SM90_TMA_LOADEJNS0_1CILi2048EEENS0_12AuxTmaParamsINS0_5tupleIJNS0_11ScaledBasisINS5_ILi1EEEJLi2EEEENS9_ISA_JLi1EEEENS9_IiJLi0EEEEEEERKNS0_6LayoutINS8_IJNS5_ILi8EEENS5_ILi16EEESA_EEENS8_IJSB_SC_NS9_ISA_JLi0EEEEEEEEERKNS0_7SwizzleILi0ELi4ELi3EEEEEEEEN7cutlass10bfloat16_tEEEENSF_INS8_IJSA_NS8_IJNS8_IJNS8_IJSG_SH_EEESH_EEEEEEEEENS8_IJNS5_ILi0EEENS8_IJNS8_IJNS8_IJSH_SA_EEENS5_ILi128EEEEEEEEEEEEEENS8_IJSA_SH_S13_EEEEENS1_INS2_IJNS3_IS4_JNS5_ILi512EEENS7_INS8_IJSJ_EEERKNSF_INS8_IJNS5_ILi32EEEEEES1B_EESR_EEEEESV_EEENSF_INS8_IJSA_NS8_IJNS8_IJS1C_SA_EEEEEEEEENS8_IJS11_NS8_IJNS8_IJSA_S11_EEEEEEEEEEES1D_EENS1_INS2_IJNS3_IS4_JS6_NS7_ISK_SN_SR_EEEEESV_EEES17_S18_EES1V_S1V_NS1_INS2_IJNS3_IS4_JNS5_ILi4096EEENS7_INS8_IJSC_SJ_EEERKNSF_INS8_IJS13_SA_EEES1X_EESR_EEEEEfEEENSF_INS8_IJSA_NS8_IJS1Y_EEEEEES1P_EENS8_IJSA_S13_EEEEENS1_IS1U_NSF_INS8_IJSA_NS8_IJNS8_IJSX_NS5_ILi2EEEEEEEEEEEES16_EENS8_IJSA_SH_SH_EEEEES2G_NS1_INS2_IJNS3_IS4_JNS5_ILi16384EEENS7_ISK_RKNSF_INS8_IJSG_S13_SA_EEESK_EESR_EEEEESV_EEENSF_INS8_IJSA_NS8_IJNS8_IJNS8_IJSG_S13_EEESH_EEEEEEEEENS8_IJS11_NS8_IJNS8_IJS1Y_NS5_ILi1024EEEEEEEEEEEEEENS8_IJSA_S13_S13_EEEEENS1_INS2_IJNS3_IS4_JNS5_ILi32768EEENS7_ISK_S2L_RKNSO_ILi1ELi4ELi3EEEEEEEEfEEES2X_S2Y_EENS1_INS2_IJNS3_INS0_14SM90_TMA_STOREEJS2H_S2M_EEESV_EEES2X_S2Y_EENS1_INS2_IJNS3_IS38_JS6_SS_EEESV_EEES17_S18_EELi16ELi128ELi3ELi2ELi192ELb1ELb1ELb0ELb1ELb0EEvT_T0_T1_T2_T3_T4_T5_T6_T7_T8_T9_T10_PSV_iiiiPKliPj22K1WorkspaceRawPointers' for 'sm_103a'
DEBUG ptxas info    : Function properties for _Z30_flash_kda_fwd_recurrence_bf16IN4cute9TiledCopyINS0_9Copy_AtomIJNS0_11Copy_TraitsINS0_13SM90_TMA_LOADEJNS0_1CILi2048EEENS0_12AuxTmaParamsINS0_5tupleIJNS0_11ScaledBasisINS5_ILi1EEEJLi2EEEENS9_ISA_JLi1EEEENS9_IiJLi0EEEEEEERKNS0_6LayoutINS8_IJNS5_ILi8EEENS5_ILi16EEESA_EEENS8_IJSB_SC_NS9_ISA_JLi0EEEEEEEEERKNS0_7SwizzleILi0ELi4ELi3EEEEEEEEN7cutlass10bfloat16_tEEEENSF_INS8_IJSA_NS8_IJNS8_IJNS8_IJSG_SH_EEESH_EEEEEEEEENS8_IJNS5_ILi0EEENS8_IJNS8_IJNS8_IJSH_SA_EEENS5_ILi128EEEEEEEEEEEEEENS8_IJSA_SH_S13_EEEEENS1_INS2_IJNS3_IS4_JNS5_ILi512EEENS7_INS8_IJSJ_EEERKNSF_INS8_IJNS5_ILi32EEEEEES1B_EESR_EEEEESV_EEENSF_INS8_IJSA_NS8_IJNS8_IJS1C_SA_EEEEEEEEENS8_IJS11_NS8_IJNS8_IJSA_S11_EEEEEEEEEEES1D_EENS1_INS2_IJNS3_IS4_JS6_NS7_ISK_SN_SR_EEEEESV_EEES17_S18_EES1V_S1V_NS1_INS2_IJNS3_IS4_JNS5_ILi4096EEENS7_INS8_IJSC_SJ_EEERKNSF_INS8_IJS13_SA_EEES1X_EESR_EEEEEfEEENSF_INS8_IJSA_NS8_IJS1Y_EEEEEES1P_EENS8_IJSA_S13_EEEEENS1_IS1U_NSF_INS8_IJSA_NS8_IJNS8_IJSX_NS5_ILi2EEEEEEEEEEEES16_EENS8_IJSA_SH_SH_EEEEES2G_NS1_INS2_IJNS3_IS4_JNS5_ILi16384EEENS7_ISK_RKNSF_INS8_IJSG_S13_SA_EEESK_EESR_EEEEESV_EEENSF_INS8_IJSA_NS8_IJNS8_IJNS8_IJSG_S13_EEESH_EEEEEEEEENS8_IJS11_NS8_IJNS8_IJS1Y_NS5_ILi1024EEEEEEEEEEEEEENS8_IJSA_S13_S13_EEEEENS1_INS2_IJNS3_IS4_JNS5_ILi32768EEENS7_ISK_S2L_RKNSO_ILi1ELi4ELi3EEEEEEEEfEEES2X_S2Y_EENS1_INS2_IJNS3_INS0_14SM90_TMA_STOREEJS2H_S2M_EEESV_EEES2X_S2Y_EENS1_INS2_IJNS3_IS38_JS6_SS_EEESV_EEES17_S18_EELi16ELi128ELi3ELi2ELi192ELb1ELb1ELb0ELb1ELb0EEvT_T0_T1_T2_T3_T4_T5_T6_T7_T8_T9_T10_PSV_iiiiPKliPj22K1WorkspaceRawPointers
DEBUG     0 bytes stack frame, 0 bytes spill stores, 0 bytes spill loads
DEBUG ptxas info    : Used 166 registers, used 9 barriers
DEBUG ptxas info    : Compile time = 83.792 ms
DEBUG ptxas info    : Compiling entry function '_Z30_flash_kda_fwd_recurrence_bf16IN4cute9TiledCopyINS0_9Copy_AtomIJNS0_11Copy_TraitsINS0_13SM90_TMA_LOADEJNS0_1CILi2048EEENS0_12AuxTmaParamsINS0_5tupleIJNS0_11ScaledBasisINS5_ILi1EEEJLi2EEEENS9_ISA_JLi1EEEENS9_IiJLi0EEEEEEERKNS0_6LayoutINS8_IJNS5_ILi8EEENS5_ILi16EEESA_EEENS8_IJSB_SC_NS9_ISA_JLi0EEEEEEEEERKNS0_7SwizzleILi0ELi4ELi3EEEEEEEEN7cutlass10bfloat16_tEEEENSF_INS8_IJSA_NS8_IJNS8_IJNS8_IJSG_SH_EEESH_EEEEEEEEENS8_IJNS5_ILi0EEENS8_IJNS8_IJNS8_IJSH_SA_EEENS5_ILi128EEEEEEEEEEEEEENS8_IJSA_SH_S13_EEEEENS1_INS2_IJNS3_IS4_JNS5_ILi512EEENS7_INS8_IJSJ_EEERKNSF_INS8_IJNS5_ILi32EEEEEES1B_EESR_EEEEESV_EEENSF_INS8_IJSA_NS8_IJNS8_IJS1C_SA_EEEEEEEEENS8_IJS11_NS8_IJNS8_IJSA_S11_EEEEEEEEEEES1D_EENS1_INS2_IJNS3_IS4_JS6_NS7_ISK_SN_SR_EEEEESV_EEES17_S18_EES1V_S1V_NS1_INS2_IJNS3_IS4_JNS5_ILi4096EEENS7_INS8_IJSC_SJ_EEERKNSF_INS8_IJS13_SA_EEES1X_EESR_EEEEEfEEENSF_INS8_IJSA_NS8_IJS1Y_EEEEEES1P_EENS8_IJSA_S13_EEEEENS1_IS1U_NSF_INS8_IJSA_NS8_IJNS8_IJSX_NS5_ILi2EEEEEEEEEEEES16_EENS8_IJSA_SH_SH_EEEEES2G_NS1_INS2_IJNS3_IS4_JNS5_ILi16384EEENS7_ISK_RKNSF_INS8_IJSG_S13_SA_EEESK_EESR_EEEEESV_EEENSF_INS8_IJSA_NS8_IJNS8_IJNS8_IJSG_S13_EEESH_EEEEEEEEENS8_IJS11_NS8_IJNS8_IJS1Y_NS5_ILi1024EEEEEEEEEEEEEENS8_IJSA_S13_S13_EEEEENS1_INS2_IJNS3_IS4_JNS5_ILi32768EEENS7_ISK_S2L_RKNSO_ILi1ELi4ELi3EEEEEEEEfEEES2X_S2Y_EENS1_INS2_IJNS3_INS0_14SM90_TMA_STOREEJS2H_S2M_EEESV_EEES2X_S2Y_EENS1_INS2_IJNS3_IS38_JS6_SS_EEESV_EEES17_S18_EELi16ELi128ELi3ELi2ELi192ELb1ELb1ELb0ELb1ELb1EEvT_T0_T1_T2_T3_T4_T5_T6_T7_T8_T9_T10_PSV_iiiiPKliPj22K1WorkspaceRawPointers' for 'sm_103a'
DEBUG ptxas info    : Function properties for _Z30_flash_kda_fwd_recurrence_bf16IN4cute9TiledCopyINS0_9Copy_AtomIJNS0_11Copy_TraitsINS0_13SM90_TMA_LOADEJNS0_1CILi2048EEENS0_12AuxTmaParamsINS0_5tupleIJNS0_11ScaledBasisINS5_ILi1EEEJLi2EEEENS9_ISA_JLi1EEEENS9_IiJLi0EEEEEEERKNS0_6LayoutINS8_IJNS5_ILi8EEENS5_ILi16EEESA_EEENS8_IJSB_SC_NS9_ISA_JLi0EEEEEEEEERKNS0_7SwizzleILi0ELi4ELi3EEEEEEEEN7cutlass10bfloat16_tEEEENSF_INS8_IJSA_NS8_IJNS8_IJNS8_IJSG_SH_EEESH_EEEEEEEEENS8_IJNS5_ILi0EEENS8_IJNS8_IJNS8_IJSH_SA_EEENS5_ILi128EEEEEEEEEEEEEENS8_IJSA_SH_S13_EEEEENS1_INS2_IJNS3_IS4_JNS5_ILi512EEENS7_INS8_IJSJ_EEERKNSF_INS8_IJNS5_ILi32EEEEEES1B_EESR_EEEEESV_EEENSF_INS8_IJSA_NS8_IJNS8_IJS1C_SA_EEEEEEEEENS8_IJS11_NS8_IJNS8_IJSA_S11_EEEEEEEEEEES1D_EENS1_INS2_IJNS3_IS4_JS6_NS7_ISK_SN_SR_EEEEESV_EEES17_S18_EES1V_S1V_NS1_INS2_IJNS3_IS4_JNS5_ILi4096EEENS7_INS8_IJSC_SJ_EEERKNSF_INS8_IJS13_SA_EEES1X_EESR_EEEEEfEEENSF_INS8_IJSA_NS8_IJS1Y_EEEEEES1P_EENS8_IJSA_S13_EEEEENS1_IS1U_NSF_INS8_IJSA_NS8_IJNS8_IJSX_NS5_ILi2EEEEEEEEEEEES16_EENS8_IJSA_SH_SH_EEEEES2G_NS1_INS2_IJNS3_IS4_JNS5_ILi16384EEENS7_ISK_RKNSF_INS8_IJSG_S13_SA_EEESK_EESR_EEEEESV_EEENSF_INS8_IJSA_NS8_IJNS8_IJNS8_IJSG_S13_EEESH_EEEEEEEEENS8_IJS11_NS8_IJNS8_IJS1Y_NS5_ILi1024EEEEEEEEEEEEEENS8_IJSA_S13_S13_EEEEENS1_INS2_IJNS3_IS4_JNS5_ILi32768EEENS7_ISK_S2L_RKNSO_ILi1ELi4ELi3EEEEEEEEfEEES2X_S2Y_EENS1_INS2_IJNS3_INS0_14SM90_TMA_STOREEJS2H_S2M_EEESV_EEES2X_S2Y_EENS1_INS2_IJNS3_IS38_JS6_SS_EEESV_EEES17_S18_EELi16ELi128ELi3ELi2ELi192ELb1ELb1ELb0ELb1ELb1EEvT_T0_T1_T2_T3_T4_T5_T6_T7_T8_T9_T10_PSV_iiiiPKliPj22K1WorkspaceRawPointers
DEBUG     0 bytes stack frame, 0 bytes spill stores, 0 bytes spill loads
DEBUG ptxas info    : Used 166 registers, used 9 barriers
DEBUG ptxas info    : Compile time = 96.200 ms
DEBUG ptxas info    : Compiling entry function '_Z22_flash_kda_fwd_prepareIN4cute9TiledCopyINS0_9Copy_AtomIJNS0_11Copy_TraitsINS0_13SM90_TMA_LOADEJNS0_1CILi32768EEENS0_12AuxTmaParamsINS0_5tupleIJNS0_11ScaledBasisINS5_ILi1EEEJLi2EEEENS9_ISA_JLi1EEEENS9_IiJLi0EEEEEEERKNS0_6LayoutINS8_IJNS5_ILi128EEENS5_ILi16EEESA_EEENS8_IJSB_SC_NS9_ISA_JLi0EEEEEEEEERKNS0_7SwizzleILi0ELi4ELi3EEEEEEEEN7cutlass10bfloat16_tEEEENSF_INS8_IJSA_NS8_IJNS8_IJNS8_IJSG_SH_EEESA_EEEEEEEEENS8_IJNS5_ILi0EEENS8_IJNS8_IJNS8_IJSH_SA_EEES11_EEEEEEEEEEENS8_IJSA_SH_SG_EEEEES18_NS1_INS2_IJNS3_IS4_JNS5_ILi512EEENS7_INS8_IJSJ_EEERKNSF_INS8_IJNS5_ILi32EEEEEES1A_EESR_EEEEESV_EEENSF_INS8_IJSA_NS8_IJNS8_IJS1B_SA_EEEEEEEEENS8_IJS11_NS8_IJNS8_IJSA_S11_EEEEEEEEEEES1C_EES18_NS1_INS2_IJNS3_IS4_JNS5_ILi4096EEENS7_INS8_IJSC_SJ_EEERKNSF_INS8_IJSG_SA_EEES1S_EESR_EEEEEfEEENSF_INS8_IJSA_NS8_IJS1T_EEEEEES1O_EENS8_IJSA_SG_EEEEENS1_INS2_IJNS3_INS0_14SM90_TMA_STOREEJNS5_ILi2048EEENS7_ISK_RKNSF_INS8_IJNS5_ILi8EEESH_SA_EEESK_EESR_EEEEESV_EEENSF_INS8_IJSA_NS8_IJNS8_IJNS8_IJS27_SH_EEESH_EEEEEEEEENS8_IJS11_NS8_IJNS8_IJS12_SG_EEEEEEEEEEES17_EES2N_S2N_NS1_INS2_IJNS3_IS25_JS1R_S1X_EEEfEEES22_S23_EENS1_IS2E_NSF_INS8_IJSA_NS8_IJNS8_IJS2F_NS5_ILi2EEEEEEEEEEEES2L_EENS8_IJSA_SH_SH_EEEEES2X_Li16ELi128ELi256ELb1ELb0ELb1EEvT_T0_T1_T2_T3_T4_T5_T6_T7_T8_T9_fiiiPKliPKffPKiS3E_Pj22K1WorkspaceRawPointers' for 'sm_103a'
DEBUG ptxas info    : Function properties for _Z22_flash_kda_fwd_prepareIN4cute9TiledCopyINS0_9Copy_AtomIJNS0_11Copy_TraitsINS0_13SM90_TMA_LOADEJNS0_1CILi32768EEENS0_12AuxTmaParamsINS0_5tupleIJNS0_11ScaledBasisINS5_ILi1EEEJLi2EEEENS9_ISA_JLi1EEEENS9_IiJLi0EEEEEEERKNS0_6LayoutINS8_IJNS5_ILi128EEENS5_ILi16EEESA_EEENS8_IJSB_SC_NS9_ISA_JLi0EEEEEEEEERKNS0_7SwizzleILi0ELi4ELi3EEEEEEEEN7cutlass10bfloat16_tEEEENSF_INS8_IJSA_NS8_IJNS8_IJNS8_IJSG_SH_EEESA_EEEEEEEEENS8_IJNS5_ILi0EEENS8_IJNS8_IJNS8_IJSH_SA_EEES11_EEEEEEEEEEENS8_IJSA_SH_SG_EEEEES18_NS1_INS2_IJNS3_IS4_JNS5_ILi512EEENS7_INS8_IJSJ_EEERKNSF_INS8_IJNS5_ILi32EEEEEES1A_EESR_EEEEESV_EEENSF_INS8_IJSA_NS8_IJNS8_IJS1B_SA_EEEEEEEEENS8_IJS11_NS8_IJNS8_IJSA_S11_EEEEEEEEEEES1C_EES18_NS1_INS2_IJNS3_IS4_JNS5_ILi4096EEENS7_INS8_IJSC_SJ_EEERKNSF_INS8_IJSG_SA_EEES1S_EESR_EEEEEfEEENSF_INS8_IJSA_NS8_IJS1T_EEEEEES1O_EENS8_IJSA_SG_EEEEENS1_INS2_IJNS3_INS0_14SM90_TMA_STOREEJNS5_ILi2048EEENS7_ISK_RKNSF_INS8_IJNS5_ILi8EEESH_SA_EEESK_EESR_EEEEESV_EEENSF_INS8_IJSA_NS8_IJNS8_IJNS8_IJS27_SH_EEESH_EEEEEEEEENS8_IJS11_NS8_IJNS8_IJS12_SG_EEEEEEEEEEES17_EES2N_S2N_NS1_INS2_IJNS3_IS25_JS1R_S1X_EEEfEEES22_S23_EENS1_IS2E_NSF_INS8_IJSA_NS8_IJNS8_IJS2F_NS5_ILi2EEEEEEEEEEEES2L_EENS8_IJSA_SH_SH_EEEEES2X_Li16ELi128ELi256ELb1ELb0ELb1EEvT_T0_T1_T2_T3_T4_T5_T6_T7_T8_T9_fiiiPKliPKffPKiS3E_Pj22K1WorkspaceRawPointers
DEBUG     0 bytes stack frame, 0 bytes spill stores, 0 bytes spill loads
DEBUG ptxas info    : Used 32 registers, used 1 barriers
DEBUG ptxas info    : Compile time = 24.509 ms
DEBUG ptxas info    : Compiling entry function '_Z22_flash_kda_fwd_prepareIN4cute9TiledCopyINS0_9Copy_AtomIJNS0_11Copy_TraitsINS0_13SM90_TMA_LOADEJNS0_1CILi32768EEENS0_12AuxTmaParamsINS0_5tupleIJNS0_11ScaledBasisINS5_ILi1EEEJLi2EEEENS9_ISA_JLi1EEEENS9_IiJLi0EEEEEEERKNS0_6LayoutINS8_IJNS5_ILi128EEENS5_ILi16EEESA_EEENS8_IJSB_SC_NS9_ISA_JLi0EEEEEEEEERKNS0_7SwizzleILi0ELi4ELi3EEEEEEEEN7cutlass10bfloat16_tEEEENSF_INS8_IJSA_NS8_IJNS8_IJNS8_IJSG_SH_EEESA_EEEEEEEEENS8_IJNS5_ILi0EEENS8_IJNS8_IJNS8_IJSH_SA_EEES11_EEEEEEEEEEENS8_IJSA_SH_SG_EEEEES18_NS1_INS2_IJNS3_IS4_JNS5_ILi512EEENS7_INS8_IJSJ_EEERKNSF_INS8_IJNS5_ILi32EEEEEES1A_EESR_EEEEESV_EEENSF_INS8_IJSA_NS8_IJNS8_IJS1B_SA_EEEEEEEEENS8_IJS11_NS8_IJNS8_IJSA_S11_EEEEEEEEEEES1C_EES18_NS1_INS2_IJNS3_IS4_JNS5_ILi4096EEENS7_INS8_IJSC_SJ_EEERKNSF_INS8_IJSG_SA_EEES1S_EESR_EEEEEfEEENSF_INS8_IJSA_NS8_IJS1T_EEEEEES1O_EENS8_IJSA_SG_EEEEENS1_INS2_IJNS3_INS0_14SM90_TMA_STOREEJNS5_ILi2048EEENS7_ISK_RKNSF_INS8_IJNS5_ILi8EEESH_SA_EEESK_EESR_EEEEESV_EEENSF_INS8_IJSA_NS8_IJNS8_IJNS8_IJS27_SH_EEESH_EEEEEEEEENS8_IJS11_NS8_IJNS8_IJS12_SG_EEEEEEEEEEES17_EES2N_S2N_NS1_INS2_IJNS3_IS25_JS1R_S1X_EEEfEEES22_S23_EENS1_IS2E_NSF_INS8_IJSA_NS8_IJNS8_IJS2F_NS5_ILi2EEEEEEEEEEEES2L_EENS8_IJSA_SH_SH_EEEEES2X_Li16ELi128ELi256ELb1ELb0ELb0EEvT_T0_T1_T2_T3_T4_T5_T6_T7_T8_T9_fiiiPKliPKffPKiS3E_Pj22K1WorkspaceRawPointers' for 'sm_103a'
DEBUG ptxas info    : Function properties for _Z22_flash_kda_fwd_prepareIN4cute9TiledCopyINS0_9Copy_AtomIJNS0_11Copy_TraitsINS0_13SM90_TMA_LOADEJNS0_1CILi32768EEENS0_12AuxTmaParamsINS0_5tupleIJNS0_11ScaledBasisINS5_ILi1EEEJLi2EEEENS9_ISA_JLi1EEEENS9_IiJLi0EEEEEEERKNS0_6LayoutINS8_IJNS5_ILi128EEENS5_ILi16EEESA_EEENS8_IJSB_SC_NS9_ISA_JLi0EEEEEEEEERKNS0_7SwizzleILi0ELi4ELi3EEEEEEEEN7cutlass10bfloat16_tEEEENSF_INS8_IJSA_NS8_IJNS8_IJNS8_IJSG_SH_EEESA_EEEEEEEEENS8_IJNS5_ILi0EEENS8_IJNS8_IJNS8_IJSH_SA_EEES11_EEEEEEEEEEENS8_IJSA_SH_SG_EEEEES18_NS1_INS2_IJNS3_IS4_JNS5_ILi512EEENS7_INS8_IJSJ_EEERKNSF_INS8_IJNS5_ILi32EEEEEES1A_EESR_EEEEESV_EEENSF_INS8_IJSA_NS8_IJNS8_IJS1B_SA_EEEEEEEEENS8_IJS11_NS8_IJNS8_IJSA_S11_EEEEEEEEEEES1C_EES18_NS1_INS2_IJNS3_IS4_JNS5_ILi4096EEENS7_INS8_IJSC_SJ_EEERKNSF_INS8_IJSG_SA_EEES1S_EESR_EEEEEfEEENSF_INS8_IJSA_NS8_IJS1T_EEEEEES1O_EENS8_IJSA_SG_EEEEENS1_INS2_IJNS3_INS0_14SM90_TMA_STOREEJNS5_ILi2048EEENS7_ISK_RKNSF_INS8_IJNS5_ILi8EEESH_SA_EEESK_EESR_EEEEESV_EEENSF_INS8_IJSA_NS8_IJNS8_IJNS8_IJS27_SH_EEESH_EEEEEEEEENS8_IJS11_NS8_IJNS8_IJS12_SG_EEEEEEEEEEES17_EES2N_S2N_NS1_INS2_IJNS3_IS25_JS1R_S1X_EEEfEEES22_S23_EENS1_IS2E_NSF_INS8_IJSA_NS8_IJNS8_IJS2F_NS5_ILi2EEEEEEEEEEEES2L_EENS8_IJSA_SH_SH_EEEEES2X_Li16ELi128ELi256ELb1ELb0ELb0EEvT_T0_T1_T2_T3_T4_T5_T6_T7_T8_T9_fiiiPKliPKffPKiS3E_Pj22K1WorkspaceRawPointers
DEBUG     0 bytes stack frame, 0 bytes spill stores, 0 bytes spill loads
DEBUG ptxas info    : Used 32 registers, used 1 barriers
DEBUG ptxas info    : Compile time = 24.429 ms
DEBUG ptxas info    : Compiling entry function '_Z22_flash_kda_fwd_prepareIN4cute9TiledCopyINS0_9Copy_AtomIJNS0_11Copy_TraitsINS0_13SM90_TMA_LOADEJNS0_1CILi32768EEENS0_12AuxTmaParamsINS0_5tupleIJNS0_11ScaledBasisINS5_ILi1EEEJLi2EEEENS9_ISA_JLi1EEEENS9_IiJLi0EEEEEEERKNS0_6LayoutINS8_IJNS5_ILi128EEENS5_ILi16EEESA_EEENS8_IJSB_SC_NS9_ISA_JLi0EEEEEEEEERKNS0_7SwizzleILi0ELi4ELi3EEEEEEEEN7cutlass10bfloat16_tEEEENSF_INS8_IJSA_NS8_IJNS8_IJNS8_IJSG_SH_EEESA_EEEEEEEEENS8_IJNS5_ILi0EEENS8_IJNS8_IJNS8_IJSH_SA_EEES11_EEEEEEEEEEENS8_IJSA_SH_SG_EEEEES18_NS1_INS2_IJNS3_IS4_JNS5_ILi512EEENS7_INS8_IJSJ_EEERKNSF_INS8_IJNS5_ILi32EEEEEES1A_EESR_EEEEESV_EEENSF_INS8_IJSA_NS8_IJNS8_IJS1B_SA_EEEEEEEEENS8_IJS11_NS8_IJNS8_IJSA_S11_EEEEEEEEEEES1C_EES18_NS1_INS2_IJNS3_IS4_JNS5_ILi4096EEENS7_INS8_IJSC_SJ_EEERKNSF_INS8_IJSG_SA_EEES1S_EESR_EEEEEfEEENSF_INS8_IJSA_NS8_IJS1T_EEEEEES1O_EENS8_IJSA_SG_EEEEENS1_INS2_IJNS3_INS0_14SM90_TMA_STOREEJNS5_ILi2048EEENS7_ISK_RKNSF_INS8_IJNS5_ILi8EEESH_SA_EEESK_EESR_EEEEESV_EEENSF_INS8_IJSA_NS8_IJNS8_IJNS8_IJS27_SH_EEESH_EEEEEEEEENS8_IJS11_NS8_IJNS8_IJS12_SG_EEEEEEEEEEES17_EES2N_S2N_NS1_INS2_IJNS3_IS25_JS1R_S1X_EEEfEEES22_S23_EENS1_IS2E_NSF_INS8_IJSA_NS8_IJNS8_IJS2F_NS5_ILi2EEEEEEEEEEEES2L_EENS8_IJSA_SH_SH_EEEEES2X_Li16ELi128ELi256ELb1ELb1ELb0EEvT_T0_T1_T2_T3_T4_T5_T6_T7_T8_T9_fiiiPKliPKffPKiS3E_Pj22K1WorkspaceRawPointers' for 'sm_103a'
DEBUG ptxas info    : Function properties for _Z22_flash_kda_fwd_prepareIN4cute9TiledCopyINS0_9Copy_AtomIJNS0_11Copy_TraitsINS0_13SM90_TMA_LOADEJNS0_1CILi32768EEENS0_12AuxTmaParamsINS0_5tupleIJNS0_11ScaledBasisINS5_ILi1EEEJLi2EEEENS9_ISA_JLi1EEEENS9_IiJLi0EEEEEEERKNS0_6LayoutINS8_IJNS5_ILi128EEENS5_ILi16EEESA_EEENS8_IJSB_SC_NS9_ISA_JLi0EEEEEEEEERKNS0_7SwizzleILi0ELi4ELi3EEEEEEEEN7cutlass10bfloat16_tEEEENSF_INS8_IJSA_NS8_IJNS8_IJNS8_IJSG_SH_EEESA_EEEEEEEEENS8_IJNS5_ILi0EEENS8_IJNS8_IJNS8_IJSH_SA_EEES11_EEEEEEEEEEENS8_IJSA_SH_SG_EEEEES18_NS1_INS2_IJNS3_IS4_JNS5_ILi512EEENS7_INS8_IJSJ_EEERKNSF_INS8_IJNS5_ILi32EEEEEES1A_EESR_EEEEESV_EEENSF_INS8_IJSA_NS8_IJNS8_IJS1B_SA_EEEEEEEEENS8_IJS11_NS8_IJNS8_IJSA_S11_EEEEEEEEEEES1C_EES18_NS1_INS2_IJNS3_IS4_JNS5_ILi4096EEENS7_INS8_IJSC_SJ_EEERKNSF_INS8_IJSG_SA_EEES1S_EESR_EEEEEfEEENSF_INS8_IJSA_NS8_IJS1T_EEEEEES1O_EENS8_IJSA_SG_EEEEENS1_INS2_IJNS3_INS0_14SM90_TMA_STOREEJNS5_ILi2048EEENS7_ISK_RKNSF_INS8_IJNS5_ILi8EEESH_SA_EEESK_EESR_EEEEESV_EEENSF_INS8_IJSA_NS8_IJNS8_IJNS8_IJS27_SH_EEESH_EEEEEEEEENS8_IJS11_NS8_IJNS8_IJS12_SG_EEEEEEEEEEES17_EES2N_S2N_NS1_INS2_IJNS3_IS25_JS1R_S1X_EEEfEEES22_S23_EENS1_IS2E_NSF_INS8_IJSA_NS8_IJNS8_IJS2F_NS5_ILi2EEEEEEEEEEEES2L_EENS8_IJSA_SH_SH_EEEEES2X_Li16ELi128ELi256ELb1ELb1ELb0EEvT_T0_T1_T2_T3_T4_T5_T6_T7_T8_T9_fiiiPKliPKffPKiS3E_Pj22K1WorkspaceRawPointers
DEBUG     0 bytes stack frame, 0 bytes spill stores, 0 bytes spill loads
DEBUG ptxas info    : Used 32 registers, used 1 barriers
DEBUG ptxas info    : Compile time = 24.527 ms
DEBUG ptxas info    : Compiling entry function '_Z21_flash_kda_state_onlyIN4cute9TiledCopyINS0_9Copy_AtomIJNS0_11Copy_TraitsINS0_13SM90_TMA_LOADEJNS0_1CILi2048EEENS0_12AuxTmaParamsINS0_5tupleIJNS0_11ScaledBasisINS5_ILi1EEEJLi2EEEENS9_ISA_JLi1EEEENS9_IiJLi0EEEEEEERKNS0_6LayoutINS8_IJNS5_ILi8EEENS5_ILi16EEESA_EEENS8_IJSB_SC_NS9_ISA_JLi0EEEEEEEEERKNS0_7SwizzleILi0ELi4ELi3EEEEEEEEN7cutlass10bfloat16_tEEEENSF_INS8_IJSA_NS8_IJNS8_IJNS8_IJSG_SH_EEESH_EEEEEEEEENS8_IJNS5_ILi0EEENS8_IJNS8_IJNS8_IJSH_SA_EEENS5_ILi128EEEEEEEEEEEEEENS8_IJSA_SH_S13_EEEEENS1_INS2_IJNS3_IS4_JNS5_ILi512EEENS7_INS8_IJSJ_EEERKNSF_INS8_IJNS5_ILi32EEEEEES1B_EESR_EEEEESV_EEENSF_INS8_IJSA_NS8_IJNS8_IJS1C_SA_EEEEEEEEENS8_IJS11_NS8_IJNS8_IJSA_S11_EEEEEEEEEEES1D_EENS1_INS2_IJNS3_IS4_JS6_NS7_ISK_SN_SR_EEEEESV_EEES17_S18_EES1V_NS1_INS2_IJNS3_IS4_JNS5_ILi4096EEENS7_INS8_IJSC_SJ_EEERKNSF_INS8_IJS13_SA_EEES1X_EESR_EEEEEfEEENSF_INS8_IJSA_NS8_IJS1Y_EEEEEES1P_EENS8_IJSA_S13_EEEEENS1_IS1U_NSF_INS8_IJSA_NS8_IJNS8_IJSX_NS5_ILi2EEEEEEEEEEEES16_EENS8_IJSA_SH_SH_EEEEENS1_INS2_IJNS3_INS0_14SM90_TMA_STOREEJNS5_ILi32768EEENS7_ISK_RKNSF_INS8_IJSG_S13_SA_EEESK_EERKNSO_ILi1ELi4ELi3EEEEEEEEfEEENSF_INS8_IJSA_NS8_IJNS8_IJNS8_IJSG_S13_EEESH_EEEEEEEEENS8_IJS11_NS8_IJNS8_IJS1Y_NS5_ILi1024EEEEEEEEEEEEEENS8_IJSA_S13_S13_EEEEELi16ELi128ELi3ELi160ELb1EEvT_T0_T1_T2_T3_T4_PKSV_S3B_PKfS3B_T5_iiiPKliPKi' for 'sm_103a'
DEBUG ptxas info    : Function properties for _Z21_flash_kda_state_onlyIN4cute9TiledCopyINS0_9Copy_AtomIJNS0_11Copy_TraitsINS0_13SM90_TMA_LOADEJNS0_1CILi2048EEENS0_12AuxTmaParamsINS0_5tupleIJNS0_11ScaledBasisINS5_ILi1EEEJLi2EEEENS9_ISA_JLi1EEEENS9_IiJLi0EEEEEEERKNS0_6LayoutINS8_IJNS5_ILi8EEENS5_ILi16EEESA_EEENS8_IJSB_SC_NS9_ISA_JLi0EEEEEEEEERKNS0_7SwizzleILi0ELi4ELi3EEEEEEEEN7cutlass10bfloat16_tEEEENSF_INS8_IJSA_NS8_IJNS8_IJNS8_IJSG_SH_EEESH_EEEEEEEEENS8_IJNS5_ILi0EEENS8_IJNS8_IJNS8_IJSH_SA_EEENS5_ILi128EEEEEEEEEEEEEENS8_IJSA_SH_S13_EEEEENS1_INS2_IJNS3_IS4_JNS5_ILi512EEENS7_INS8_IJSJ_EEERKNSF_INS8_IJNS5_ILi32EEEEEES1B_EESR_EEEEESV_EEENSF_INS8_IJSA_NS8_IJNS8_IJS1C_SA_EEEEEEEEENS8_IJS11_NS8_IJNS8_IJSA_S11_EEEEEEEEEEES1D_EENS1_INS2_IJNS3_IS4_JS6_NS7_ISK_SN_SR_EEEEESV_EEES17_S18_EES1V_NS1_INS2_IJNS3_IS4_JNS5_ILi4096EEENS7_INS8_IJSC_SJ_EEERKNSF_INS8_IJS13_SA_EEES1X_EESR_EEEEEfEEENSF_INS8_IJSA_NS8_IJS1Y_EEEEEES1P_EENS8_IJSA_S13_EEEEENS1_IS1U_NSF_INS8_IJSA_NS8_IJNS8_IJSX_NS5_ILi2EEEEEEEEEEEES16_EENS8_IJSA_SH_SH_EEEEENS1_INS2_IJNS3_INS0_14SM90_TMA_STOREEJNS5_ILi32768EEENS7_ISK_RKNSF_INS8_IJSG_S13_SA_EEESK_EERKNSO_ILi1ELi4ELi3EEEEEEEEfEEENSF_INS8_IJSA_NS8_IJNS8_IJNS8_IJSG_S13_EEESH_EEEEEEEEENS8_IJS11_NS8_IJNS8_IJS1Y_NS5_ILi1024EEEEEEEEEEEEEENS8_IJSA_S13_S13_EEEEELi16ELi128ELi3ELi160ELb1EEvT_T0_T1_T2_T3_T4_PKSV_S3B_PKfS3B_T5_iiiPKliPKi
DEBUG     0 bytes stack frame, 0 bytes spill stores, 0 bytes spill loads
DEBUG ptxas info    : Used 56 registers, used 9 barriers
DEBUG ptxas info    : Compile time = 45.795 ms
DEBUG ptxas info    : Compiling entry function '_Z21_flash_kda_state_onlyIN4cute9TiledCopyINS0_9Copy_AtomIJNS0_11Copy_TraitsINS0_13SM90_TMA_LOADEJNS0_1CILi2048EEENS0_12AuxTmaParamsINS0_5tupleIJNS0_11ScaledBasisINS5_ILi1EEEJLi2EEEENS9_ISA_JLi1EEEENS9_IiJLi0EEEEEEERKNS0_6LayoutINS8_IJNS5_ILi8EEENS5_ILi16EEESA_EEENS8_IJSB_SC_NS9_ISA_JLi0EEEEEEEEERKNS0_7SwizzleILi0ELi4ELi3EEEEEEEEN7cutlass10bfloat16_tEEEENSF_INS8_IJSA_NS8_IJNS8_IJNS8_IJSG_SH_EEESH_EEEEEEEEENS8_IJNS5_ILi0EEENS8_IJNS8_IJNS8_IJSH_SA_EEENS5_ILi128EEEEEEEEEEEEEENS8_IJSA_SH_S13_EEEEENS1_INS2_IJNS3_IS4_JNS5_ILi512EEENS7_INS8_IJSJ_EEERKNSF_INS8_IJNS5_ILi32EEEEEES1B_EESR_EEEEESV_EEENSF_INS8_IJSA_NS8_IJNS8_IJS1C_SA_EEEEEEEEENS8_IJS11_NS8_IJNS8_IJSA_S11_EEEEEEEEEEES1D_EENS1_INS2_IJNS3_IS4_JS6_NS7_ISK_SN_SR_EEEEESV_EEES17_S18_EES1V_NS1_INS2_IJNS3_IS4_JNS5_ILi4096EEENS7_INS8_IJSC_SJ_EEERKNSF_INS8_IJS13_SA_EEES1X_EESR_EEEEEfEEENSF_INS8_IJSA_NS8_IJS1Y_EEEEEES1P_EENS8_IJSA_S13_EEEEENS1_IS1U_NSF_INS8_IJSA_NS8_IJNS8_IJSX_NS5_ILi2EEEEEEEEEEEES16_EENS8_IJSA_SH_SH_EEEEENS1_INS2_IJNS3_INS0_14SM90_TMA_STOREEJNS5_ILi32768EEENS7_ISK_RKNSF_INS8_IJSG_S13_SA_EEESK_EERKNSO_ILi1ELi4ELi3EEEEEEEEfEEENSF_INS8_IJSA_NS8_IJNS8_IJNS8_IJSG_S13_EEESH_EEEEEEEEENS8_IJS11_NS8_IJNS8_IJS1Y_NS5_ILi1024EEEEEEEEEEEEEENS8_IJSA_S13_S13_EEEEELi16ELi128ELi3ELi160ELb0EEvT_T0_T1_T2_T3_T4_PKSV_S3B_PKfS3B_T5_iiiPKliPKi' for 'sm_103a'
DEBUG ptxas info    : Function properties for _Z21_flash_kda_state_onlyIN4cute9TiledCopyINS0_9Copy_AtomIJNS0_11Copy_TraitsINS0_13SM90_TMA_LOADEJNS0_1CILi2048EEENS0_12AuxTmaParamsINS0_5tupleIJNS0_11ScaledBasisINS5_ILi1EEEJLi2EEEENS9_ISA_JLi1EEEENS9_IiJLi0EEEEEEERKNS0_6LayoutINS8_IJNS5_ILi8EEENS5_ILi16EEESA_EEENS8_IJSB_SC_NS9_ISA_JLi0EEEEEEEEERKNS0_7SwizzleILi0ELi4ELi3EEEEEEEEN7cutlass10bfloat16_tEEEENSF_INS8_IJSA_NS8_IJNS8_IJNS8_IJSG_SH_EEESH_EEEEEEEEENS8_IJNS5_ILi0EEENS8_IJNS8_IJNS8_IJSH_SA_EEENS5_ILi128EEEEEEEEEEEEEENS8_IJSA_SH_S13_EEEEENS1_INS2_IJNS3_IS4_JNS5_ILi512EEENS7_INS8_IJSJ_EEERKNSF_INS8_IJNS5_ILi32EEEEEES1B_EESR_EEEEESV_EEENSF_INS8_IJSA_NS8_IJNS8_IJS1C_SA_EEEEEEEEENS8_IJS11_NS8_IJNS8_IJSA_S11_EEEEEEEEEEES1D_EENS1_INS2_IJNS3_IS4_JS6_NS7_ISK_SN_SR_EEEEESV_EEES17_S18_EES1V_NS1_INS2_IJNS3_IS4_JNS5_ILi4096EEENS7_INS8_IJSC_SJ_EEERKNSF_INS8_IJS13_SA_EEES1X_EESR_EEEEEfEEENSF_INS8_IJSA_NS8_IJS1Y_EEEEEES1P_EENS8_IJSA_S13_EEEEENS1_IS1U_NSF_INS8_IJSA_NS8_IJNS8_IJSX_NS5_ILi2EEEEEEEEEEEES16_EENS8_IJSA_SH_SH_EEEEENS1_INS2_IJNS3_INS0_14SM90_TMA_STOREEJNS5_ILi32768EEENS7_ISK_RKNSF_INS8_IJSG_S13_SA_EEESK_EERKNSO_ILi1ELi4ELi3EEEEEEEEfEEENSF_INS8_IJSA_NS8_IJNS8_IJNS8_IJSG_S13_EEESH_EEEEEEEEENS8_IJS11_NS8_IJNS8_IJS1Y_NS5_ILi1024EEEEEEEEEEEEEENS8_IJSA_S13_S13_EEEEELi16ELi128ELi3ELi160ELb0EEvT_T0_T1_T2_T3_T4_PKSV_S3B_PKfS3B_T5_iiiPKliPKi
DEBUG     0 bytes stack frame, 0 bytes spill stores, 0 bytes spill loads
DEBUG ptxas info    : Used 56 registers, used 9 barriers
DEBUG ptxas info    : Compile time = 45.624 ms
DEBUG ptxas info    : Compiling entry function '_Z28_flash_kda_build_tile_prefixPKliiPi' for 'sm_103a'
DEBUG ptxas info    : Function properties for _Z28_flash_kda_build_tile_prefixPKliiPi
DEBUG     0 bytes stack frame, 0 bytes spill stores, 0 bytes spill loads
DEBUG ptxas info    : Used 32 registers, used 0 barriers
DEBUG ptxas info    : Compile time = 9.463 ms
DEBUG c++ -pthread -fno-strict-overflow -Wsign-compare -Wunreachable-code -DNDEBUG -g -O3 -Wall -O3 -fstack-protector -fstack-clash-protection -U_FORTIFY_SOURCE -D_FORTIFY_SOURCE=2 -fno-omit-frame-pointer -mno-omit-leaf-frame-pointer -fPIC -pthread -shared -Wl,-z,noexecstack -Wl,-z,relro -Wl,-z,now -Wl,--exclude-libs,ALL /home/lcpu/88934705/lish/FlashKDA-uniform-h96/build/temp.linux-x86_64-cpython-312/csrc/flash_kda.o /home/lcpu/88934705/lish/FlashKDA-uniform-h96/build/temp.linux-x86_64-cpython-312/csrc/smxx/fwd_launch.o /home/lcpu/88934705/lish/FlashKDA-uniform-h96/build/temp.linux-x86_64-cpython-312/csrc/warmup_chunks.o -L/home/lcpu/88934705/lish/FlashKDA/.venv-full/lib/python3.12/site-packages/torch/lib -L/usr/local/cuda/lib64 -L/home/lcpu/88934705/.local/share/uv/python/cpython-3.12.13-linux-x86_64-gnu/lib -lc10 -ltorch -ltorch_cpu -ltorch_python -lcudart -lc10_cuda -ltorch_cuda -o build/lib.linux-x86_64-cpython-312/flash_kda_C.cpython-312-x86_64-linux-gnu.so
DEBUG installing to build/bdist.linux-x86_64/wheel
DEBUG running install
DEBUG running install_lib
DEBUG creating build/bdist.linux-x86_64/wheel
DEBUG creating build/bdist.linux-x86_64/wheel/flash_kda
DEBUG copying build/lib.linux-x86_64-cpython-312/flash_kda/__init__.py -> build/bdist.linux-x86_64/wheel/./flash_kda
DEBUG copying build/lib.linux-x86_64-cpython-312/flash_kda/cp.py -> build/bdist.linux-x86_64/wheel/./flash_kda
DEBUG copying build/lib.linux-x86_64-cpython-312/flash_kda_C.cpython-312-x86_64-linux-gnu.so -> build/bdist.linux-x86_64/wheel/.
DEBUG running install_egg_info
DEBUG running egg_info
DEBUG writing flash_kda.egg-info/PKG-INFO
DEBUG writing dependency_links to flash_kda.egg-info/dependency_links.txt
DEBUG writing top-level names to flash_kda.egg-info/top_level.txt
DEBUG reading manifest file 'flash_kda.egg-info/SOURCES.txt'
DEBUG adding license file 'LICENSE'
DEBUG writing manifest file 'flash_kda.egg-info/SOURCES.txt'
DEBUG Copying flash_kda.egg-info to build/bdist.linux-x86_64/wheel/./flash_kda-0.0.1+556850c-py3.12.egg-info
DEBUG running install_scripts
DEBUG creating build/bdist.linux-x86_64/wheel/flash_kda-0.0.1+556850c.dist-info/WHEEL
DEBUG creating '/home/lcpu/.uv-cache/builds-v0/.tmp2howPi/.tmp-y685irdq/flash_kda-0.0.1+556850c-cp312-cp312-linux_x86_64.whl' and adding 'build/bdist.linux-x86_64/wheel' to it
DEBUG adding 'flash_kda_C.cpython-312-x86_64-linux-gnu.so'
DEBUG adding 'flash_kda/__init__.py'
DEBUG adding 'flash_kda/cp.py'
DEBUG adding 'flash_kda-0.0.1+556850c.dist-info/licenses/LICENSE'
DEBUG adding 'flash_kda-0.0.1+556850c.dist-info/METADATA'
DEBUG adding 'flash_kda-0.0.1+556850c.dist-info/WHEEL'
DEBUG adding 'flash_kda-0.0.1+556850c.dist-info/top_level.txt'
DEBUG adding 'flash_kda-0.0.1+556850c.dist-info/RECORD'
DEBUG removing build/bdist.linux-x86_64/wheel
DEBUG Built `flash-kda @ file:///home/lcpu/88934705/lish/FlashKDA-uniform-h96` into `flash_kda-0.0.1+556850c-cp312-cp312-linux_x86_64.whl`
      Built flash-kda @ file:///home/lcpu/88934705/lish/FlashKDA-uniform-h96
Prepared 1 package in 39.99s
DEBUG Uninstalled flash-kda (13 files, 3 directories)
Uninstalled 1 package in 3ms
Installed 1 package in 9ms
 - flash-kda==0.0.1+13b5837 (from file:///home/lcpu/88934705/lish/FlashKDA-uniform-h96)
 + flash-kda==0.0.1+556850c (from file:///home/lcpu/88934705/lish/FlashKDA-uniform-h96)
